직무 단위,업무(기능) 단위,동사 키워드 정리,세부 동사 추출,AI 협업 강도,협업 강도 근거
호텔 직원 (All),AI 협업을 통한 신규 스킬·지식 습득 및 역량 개발,Disseminate,"  • 개발하다",Medium,"  • AI Capability: AI가 새로운 학습 기회와 발전 가능성을 제공하는 환경을 조성함.
  • 인간 Capability: 직원이 새로운 기술과 지식을 습득하고 이를 업무에 통합·적용하는 주체가 됨. (p.278)"
호텔 직원 (All),반복적·시간소모적 루틴 업무 자동화,Operate,,High,AI가 반복적이고 시간이 걸리는 업무를 자동화하여 업무 효율을 높이고 직원의 업무 부담을 줄임. AI 주도로 처리되며 인간 개입 필요성이 낮음. (p.277)
호텔 직원 (Housekeeping),객실 청결도 모니터링 · 수작업 점검 · 유지보수 감지 및 커뮤니케이션 처리,Operate,"  • 모니터링하다
  • 점검하다",High,"AI가 객실 청결 상태를 자동으로 감지하고 유지보수 필요 여부를 파악하며, 기존에 인간이 수행하던 수작업 점검과 커뮤니케이션 업무를 대체함. 인력 투입이 대폭 감소하므로 인간의 부가가치가 낮음. (p.277)"
호텔 직원 (Guest Service),복잡한 고객 응대 의사결정 및 창의적 업무 수행,Decide,"  • 의사결정하다",Low,"AI 지원을 받더라도 복잡한 판단·창의성이 요구되는 업무는 인간이 직접 수행해야 하며, 최종 책임도 인간에게 귀속됨. 인간의 고유 역량과 책임성이 높은 영역. (p.278)"
호텔 직원 (Guest Service),"고객 맞춤 서비스를 위한 데이터 분석 ",Analyze,,Medium,"  • AI Capability: AI가 더 많은 데이터를 분석하고 정확한 결론을 도출하는 것을 지원함. 
  • 인간 Capability: 직원은 AI의 분석 결과를 바탕으로 고객 응대 방향을 판단하고 적용하는 역할을 수행함. (p.278)"
행정 직원,민원 처리 요청 접수 및 실시간 처리 현황 업데이트,Collect / Operate,,High,"AI 툴이 처리 시간을 단축하고 실시간 업데이트를 제공하며 반복적 행정 업무를 자동화함. 인간의 직접 개입이 최소화되는 루틴 영역. (p.269, p.287 Appendix PT항목)"
행정 직원,직원 AI 역량 교육 및 조직 내 AI 수용 촉진,Interact,"  • 교육하다
  • 수용하다",Low,"AI 도입에 대한 저항 감소, 직원 교육 설계, 조직문화 조성은 인간 관리자의 리더십과 판단이 핵심. 관계 기반·맥락 기반 업무로 AI 역량이 낮은 영역. (p.282)"
행정 직원,AI 도입 전략 수립 및 윤리적 거버넌스 관리,Govern,"  • 관리하다",Low,"AI 도입의 방향성, 문화적 맥락 고려, 편향·프라이버시 등 윤리적 이슈 대응은 인간 관리자의 판단이 필수. AI는 효율성을 지원하지만 거버넌스 결정은 인간 주도. (p.281, p.270)"
행정 직원,서비스 품질 보장 및 이용자 요구 대응,Govern,"  • 보장하다
  • 대응하다",Medium,"  • AI Capability: AI가 서비스 정확성과 신뢰성을 보장하고 변화하는 수요에 신속히 대응함. 
  • 인간 Capability: 공정성·투명성·책임성 확보는 인간의 윤리적 판단이 필수적이며, 자동화만으로 대체 불가. 
  • 책임감: AI 오류 시 최종 책임은 인간 행정가에게 귀속됨. (p.270, p.272 OPR 측정 항목)"
행정 직원,조직 자원 배분 및 업무 성과 최적화,Disseminate,"  • 배분하다",Medium,"• AI Capability: AI가 조직 강점을 활용하여 자원을 효율적으로 배분하고 성과를 분석함. 
 • 인간 Capability: 자원 배분의 우선순위와 형평성 판단은 인간의 맥락 이해가 필요하며, 전략적 정렬은 인간이 수행. (p.268, p.272 RU 측정 항목)"
행정 직원,서비스 접근 채널 제공 및 정보 제공,Operate,,High,"AI 툴이 정보와 서비스를 쉽고 일관되게 제공하는 접근 채널을 자동으로 운영함. 인간의 개별 응대 없이도 서비스 제공이 가능한 영역. (p.272, SAC 측정 항목)"
행정 직원,서비스 요청 처리 속도 관리 및 업무 완료,Operate,"  • 관리하다",High,"AI가 업무 완료 속도를 높이고 조직 내 처리 프로세스를 자동으로 관리함. AI 주도로 수행되며 반복성이 높아 인간 부가가치 낮음. (p.272, PT 측정 항목)"
Manufacturing Manager (제조 관리자),실시간 데이터 기반 생산 스케줄 최적화 및 예측 유지보수,Operate / Analyze,,High,"AI가 실시간 데이터 분석을 통해 예측 유지보수를 자동으로 수행하며, 생산 스케줄 최적화를 주도함. 반복적·데이터 기반 처리로 인간 부가가치가 낮은 영역. "
Supply Chain Manager (공급망 관리자),현재 시장 트렌드 반영한 예측 수정 및 최종 조정,Analyze / Decide,"  • 산출하다
  • 조정하다",Medium,"  • AI Capability: AI가 데이터 기반 수요 예측값을 산출함. 
  • 인간 Capability: 인간이 현재 시장 트렌드, 공급망 변수 등 맥락 정보를 통합하여 AI 예측을 보정하고 최종 조정값을 결정함."
Supply Chain Manager (공급망 관리자),과거 데이터 기반 수요 예측 및 재고 최적화,Operate /Analyze,,High,"AI가 과거 데이터를 분석하여 수요를 자동으로 예측하고 재고 수준을 최적화함. 반복적·데이터 기반 처리로 AI 주도 가능한 영역. "
Financial Analyst (금융 분석가),경제 지표·시장 심리 고려한 투자 최종 판단,Analyze / Decide,"  • 판단하다",Medium,"  • AI Capability: AI가 데이터 기반 투자 후보를 제시하고 시장 패턴을 분석함. 
  • 인간 Capability: 인간 분석가가 경제적 맥락, 시장 심리, 리스크 허용 수준을 종합적으로 판단하여 최종 결정을 내림. "
Financial Analyst (금융 분석가),과거·실시간 시장 데이터 기반 투자 기회 탐색,Collect,"  • 탐색하다",High,"AI가 방대한 역사적·실시간 시장 데이터를 처리하여 잠재적 투자 기회를 자동으로 탐색함. 데이터 수집·분석은 AI가 주도. "
Healthcare Professional (의료진),자원 배분 승인,Decide / Govern,"  • 승인하다",Low,"AI의 예측 결과를 참고하더라도, 최종 치료 결정은 의료 전문가가 수행함. 환자 안전과 윤리적 책임이 수반되므로 인간 주도가 필수. "
Healthcare Professional (의료진),환자 데이터 분석 및 응급도 예측,Analyze,,High,"AI 알고리즘이 환자 데이터를 분석하여 응급도를 자동으로 예측함. 데이터 처리 능력이 AI에 집중되며, 인간의 직접 개입 없이도 초기 분류 가능."
Manufacturing Manager (제조 관리자),예상치 못한 생산 차질 상황 판단,Decide / Govern,"  • 판단하다",Low,"AI가 데이터를 제공하더라도, 예상치 못한 돌발 상황에 대한 전문적 판단과 대응은 인간 관리자의 경험과 맥락 이해가 필수. 책임성이 높은 영역. "
물류·배송 관리자(Fleet Manager),AI 앱 적응 결과 검증 및 시너지 효과 평가,Validate / Decide,"  • 평가하다",Medium,"  • AI Capability: AI가 적응 이력 데이터를 수집하고 시너지 확률값을 계산함. 
  • 인간 Capability: 플릿 매니저가 결과를 해석하고 다음 적응 주기의 방향을 판단하며 최종 평가를 내림. 양측의 역할이 모두 필요한 영역. "
물류·배송 관리자(Fleet Manager),조직 내 변화 관리,Govern,"  • 변화관리하다",Low,"AI 도입 방향 결정, 목표 설정, 직원 저항 관리, 변화 수용 촉진은 인간 관리자의 전략적 판단과 리더십이 핵심. AI가 지원할 수 없는 조직적·관계적 영역. "
물류·배송 관리자(Fleet Manager),예상치 못한 운행 차질(사고·교통 혼잡 등) 상황 판단,Decide / Govern,"  • 판단하다",Low,"AI가 데이터와 경로를 제공하더라도, 돌발 사태에 대한 실질적 대응 판단은 플릿 매니저의 현장 경험과 맥락적 판단이 필수. 책임성이 높고 표준화가 불가능한 영역."
물류·배송 관리자(Fleet Manager),GPS·센서 데이터 기반 실시간 배송 진행 현황 모니터링,Operate,,High,"GPS 추적 장치와 센서로부터 데이터를 수집하여 AI 시스템이 연료 배송 현황을 실시간으로 자동 모니터링함. 인간의 상시 개입 없이도 처리 가능한 영역. "
물류·배송 관리자(Fleet Manager),날씨 패턴·시장 트렌드 기반 연료 수요 예측 및 재고 수준 조정,Operate,,High,"AI가 기상 데이터·시장 트렌드를 수집·분석하여 수요 변동을 자동으로 예측하고 재고 최적화를 수행함. 대량 데이터 처리 기반의 반복 업무로 AI 주도가 가능. "
물류·배송 관리자(Fleet Manager),과거 데이터·교통 정보 기반 연료 배송 경로 자동 최적화,Operate,,High,AI 앱이 과거 데이터베이스·교통 패턴·일정을 분석하여 배송 경로를 자동으로 최적화하고 동적으로 계획함. 반복적·계산 집약적 업무로 AI가 주도하며 인간의 직접 판단 개입이 낮음.
물류·배송 관리자(Fleet Manager),다중 플랫폼 간 FDM 정보 통합 및 공유 관리,Intergrate / Decide,"  • 조율하다",Medium,"  • AI Capability: AI가 여러 데이터베이스와 플랫폼의 정보를 자동으로 연결·통합함. 
  • 인간 Capability: 통합 우선순위 설정, 형식 불일치 해결, 조직 간 협력 조율은 인간의 판단과 관계 역량이 필요. "
소프트웨어 개발 (IT/NPD),기회 식별 (Opportunity Identification),Decide,"  • 식별하다",Low,"시장 기회 식별은 맥락 판단과 전략적 의사결정이 필요한 영역. 논문 Table 1에서 Product Manager와 Requirements Engineer가 주도하며 AI 지식 관여 비중이 낮음. 인간 부가가치와 책임성이 높은 업무. "
소프트웨어 개발 (IT/NPD),배포 후 지원 (Post-deployment Support),Govern,"  • 지원하다",Medium,"AI가 운영 모니터링과 이상 탐지를 자동화하지만, 사용자 대응과 문제 해결은 DevOps Engineer 주도. AI 보유 지식(z,ff)이 요구 지식(x,y,z,ff) 중 부분 포함."
소프트웨어 개발 (IT/NPD),배포 계획 (Deployment Planning),Decide,"  • 계획하다",Low,"배포 전략은 비즈니스 판단과 리스크 관리가 핵심. AI 보유 지식(d,e)이 요구 지식(d,e,x,k)의 일부만 커버. Delivery Manager의 전략적 판단 필수 영역. "
소프트웨어 개발 (IT/NPD),품질 보증 테스트 (Quality Assurance Testing),Validate,"  • 보증하다
  • 시험하다",High,"품질 기준 대비 자동화 검사는 AI의 Supervisor 역할 적합. AI 보유 지식(r,t,mL)이 요구 지식(r,s,t,v,mL)의 핵심 포함. 논문에서 Supervisor 역할 AI가 프로세스 모니터링을 담당하는 대표 유형. "
소프트웨어 개발 (IT/NPD),사용자 경험 설계 (User Experience Design),Build,"  • 설계하다",Low,"UX 설계는 사용자 감성·맥락 이해 기반의 창의적 판단 필수. AI 보유 지식(m,aa,bb)이 요구 지식(m,n,aa,bb) 중 n 미포함. 인간 부가가치와 책임성이 매우 높은 영역. "
소프트웨어 개발 (IT/NPD),통합 테스트 (Integration Testing),Validate / Intgrate,,Medium,"시스템 통합 검증은 AI가 오류 패턴 탐지를 지원하고 인간이 최종 판단. AI 보유 지식(d,k) 중 요구 지식(d,v,k)에 부분 포함. 협업 필요 영역. "
소프트웨어 개발 (IT/NPD),사전 생산 테스트 (Component Pre-production Testing),Validate / Build,,Medium,"테스트 케이스 생성은 AI가 주도하나, 테스트 결과 해석과 이슈 판단은 Test Engineer 개입 필요. 인터뷰(Table 3, Test engineer C)에서 ""AI는 주로 테스트 케이스 생성과 오류 확인 도구""로 언급"
소프트웨어 개발 (IT/NPD),알고리즘 최적화 (Algorithm Optimization),Analyze,,Medium,"AI의 연산 역량이 높지만 최적화 방향 설정과 검증은 Algorithm Manager(인간) 주도 필요. AI 보유 지식(p,q,r,y)이 요구 지식(o,p,q,r,y,z) 대부분 포함. 논문에서 AI가 Collaborator로 참여하는 고숙련 협업 영역. "
소프트웨어 개발 (IT/NPD),백엔드 코딩 (Back-end Coding),Build,,High,"백엔드 로직 구현도 반복·정형화된 패턴 중심. AI 보유 지식(l,p)이 요구 지식(t,l,p,s)에서 핵심 소를 포함. 논문의 Tool 역할 AI 적용 사례와 일치."
소프트웨어 개발 (IT/NPD),미들웨어 코딩 (Middleware Platform Coding),Build,,High,"정형화된 미들웨어 플랫폼 코딩은 AI의 자동화 처리 적합. AI 보유 지식(p,q)이 요구 지식(p,s,t,q,l)에서 핵심 요소를 커버. Tool 역할 AI가 효율적으로 처리하는 반복 작업 유형"
소프트웨어 개발 (IT/NPD),프론트엔드 코딩 (Front-end Coding),Build,"  • 생성하다",High,"반복적·규칙 기반 코딩 업무로 AI가 자율 처리 가능. AI 보유 지식(m,n)이 요구 지식(m,n,s,t)의 핵심을 포함. 논문에서 Tool 역할 AI가 반복 작업을 자율 처리하는 대표 사례. 책임성 낮고 AI 역량 고. "
소프트웨어 개발 (IT/NPD),상세 설계 (Detailed Design),Build,"  • 설계하다",Medium,"System Engineer와 AI가 공동으로 설계 작업 수행. AI 보유 지식(i,j)이 요구 지식(i,j,o,s) 중 핵심 부분을 커버. 논문에서 AI가 Collaborator로 참여하는 활동군에 포함."
소프트웨어 개발 (IT/NPD),타당성 평가 (Feasibility Assessment),Analyze / Decide,"  • 평가하다",Low,"타당성 최종 판단은 Architecture Manager의 전문 판단이 필수. AI 보유 지식(g,i)이 요구 지식(g,h,i,l,n,p) 대비 부분적. 책임성이 높아 인간 주도 필요. "
소프트웨어 개발 (IT/NPD),개념 개발 (Concept Development),Build,"  • 개발하다",Medium,"Architecture Manager 주도이나 AI가 개념 설계 보조 및 아키텍처 분석에 참여. AI 보유 지식(d,e,f,g)과 요구 지식(d,e,f,x,p,y) 간 높은 중첩으로 AI 협업 효율이 높은 영역. 논문은 이 활동을 Collaborator 역할 AI가 참여하는 대표 사례로 제시. "
소프트웨어 개발 (IT/NPD),요구사항 분석 (Requirement Analysis),Analyze / Decide,,Medium,"AI가 데이터 처리 및 패턴 분석을 지원하고 인간(Requirements Engineer)이 최종 판단하는 구조. 논문에서 AI가 Collaborator 또는 Tool로 참여하는 활동으로 분류되며, 지식 도메인 {d,x,y,e,f,ee}에서 AI 보유 지식(d,e,f)이 상당 부분 포함됨."
투자 분석가(Investment Analyst),정량적 데이터 (주가·수치) 처리 및 분석,Collect / Analyze,,High,"주식 투자 시나리오에서 AI가 정량적 데이터를 처리하는 역할을 담당하는 구성을 반복적으로 제시하며, 이 업무는 반복적·계산 집약적 성격으로 인간의 직접 판단이 낮은 영역임을 시사함. AI가 단독으로 수량 데이터를 처리하고 결과를 산출하는 것이 효율적이라고 설명됨."
채용 담당자(HR Recruiter),후보자 심층 면접 및 최종 적합성 결정,Decide,"  • 결정하다",Low,"AI가 후보자를 추린 이후 인간이 심층 면접을 통해 최종 판단을 내리는 구조를 제시하며, 이 단계는 관계 판단·문화적 적합성·맥락적 이해가 필요한 고책임성 업무로 인간 주도가 필수임을 시사함. 의사결정 직무 종사자일수록 AI 거부감이 높다는 실증 결과도 이를 뒷받침."
채용 담당자(HR Recruiter),지원서 1차 스크리닝 및 후보자 필터링,Validate,,High,"채용 시나리오에서 AI가 다수의 지원서를 기준에 따라 자동으로 스크리닝하고 후보자를 추려내는 역할을 대표적 AI 주도 업무로 예시함. 반복적이고 기준 기반의 처리 업무로, 인간의 직접 판단 개입이 낮은 영역임을 시사."
투자 분석가(Investment Analyst),투자 종목 최종 선정 및 클라이언트 제안 결정,Decide,"  • 선정하다
  • 결정하다",Low,"인간이 최종 의사결정 권한을 보유하기를 강하게 원하며, AI가 최종 결론을 내리는 구조(Sequential HA 전문화 있음)에서 인간이 통제권 상실을 느끼고 신뢰가 저하됨을 실증적으로 보여줌. 책임성(Accountability)이 높은 의사결정은 반드시 인간이 주도해야 함을 강조."
투자 분석가(Investment Analyst),정성적 정보 (시장 맥락·고객 인사이트) 해석 및 최종 보고서 작성,Integrate / Analyze,"  • 해석하다",Medium,"  • AI Capability: AI가 정량 데이터를 처리하여 초안 또는 중간 결과를 제공함.
  • 인간 Capability: 인간은 정성적 판단, 고객 맥락, 최종 추천을 통합하는 역할을 담당함. 전문화된 병렬·순차 구조에서 인간이 정성적 분석을 담당하고 AI의 결과물과 통합하는 방식이 역할 명확성을 높인다고 설명함."
관리자·리더(Manager / Leader),구성원 감정 상태 파악 및 공감적 소통,Interact,"  • 파악하다
  • 소통하다",Low,"논문은 AI가 인간 고유의 사회적 상호작용과 감정적 피드백을 제공할 수 없음을 핵심 전제로 제시함. 리더가 직원의 감정 상태를 파악하고 공감·격려·경청을 제공하는 행위는 AI로 대체 불가한 인간 고유 영역으로, 이를 리더의 핵심 감정 지원 행동으로 명시함. 책임성과 관계적 신뢰가 전제되는 고인간부가가치 업무."
일반 직원(Employee),AI 협업 관련 교육 수강 및 역량 개발,Operate,"  • 수강하다
  • 개발하다",Medium,"  • AI Capability: AI가 학습 콘텐츠·가이드·피드백을 자동 제공하고 직원의 역량 진단을 지원할 수 있음.
  • 인간 Capability: 학습 방향 설정, 동기 유지, 학습 경험의 내면화와 조직 맥락 적용은 인간의 판단과 성찰이 필요함. 논문은 조직이 AI 협업 역량 교육을 제공해야 하며, 이 과정에서 인간의 적극적 참여가 필수임을 강조함"
일반 직원(Employee),동료 간 협력·소통 기반 공동 과업 수행,Interact,"  • 협력하다",Low,논문은 원래 직원 간 상호작용과 협력이 필요했던 과업들이 AI 협업으로 대체되면서 외로움과 반생산적 행동이 유발됨을 실증함. 즉 동료 간 소통·협력이 본질적으로 요구되는 과업은 AI로 대체할 경우 심리적 부작용이 발생하는 인간 주도 영역임. 관계적 신뢰와 사회적 연결이 업무 가치의 핵심
일반 직원(Employee),데이터 분석·처리 및 업무 결과 도출,Analyze,"  • 도출하다",High,"논문의 실험 조건에서 AI 협업 고집단은 ""AI가 데이터를 분석하고 결과를 처리하며 업무 제안을 제공""하는 방식으로 업무를 수행함. 이처럼 분석·처리 중심의 과업은 AI가 주도적으로 수행하며 직원의 역할이 결과 수용에 가까워지는 High 영역으로 묘사됨. 반복적·계산 집약적 특성."
관리자·리더(Manager / Leader),직원 외로움·감정 소진 상태 모니터링,Govern,"  • 모니터링하다",Low,논문은 AI 협업이 확대될수록 리더가 직원의 감정 상태 변화를 적시에 파악하고 개입하는 역할이 더욱 중요해진다고 강조함. 직원의 외로움·소진 여부를 판단하고 맞춤 대응을 결정하는 것은 높은 맥락적 판단력과 책임성이 요구되는 인간 주도 업무임.
관리자·리더(Manager / Leader),팀 빌딩 활동 기획 보충,Build,"  • 보충하다",Low,"AI 협업 확대로 인한 직원 간 상호작용 감소를 보완하기 위해, 리더가 팀 빌딩 활동이나 사회적 공간을 조성해 구성원의 감정 자원을 보충해야 함을 논문이 명시함. 이는 인간 관계·소속감 형성이 필요한 업무로 AI가 수행할 수 없는 영역. 조직 문화 형성 책임성이 높음."
중간관리자(Middle Manager),일정 관리 및 캘린더 조율,Operate,,High,"관리자들이 가상 어시스턴트에게 가장 먼저 위임하고 싶다고 언급한 업무로, 이미 인간 비서에게 위임되던 반복적·행정적 업무임. 규칙 기반으로 처리 가능하며 AI가 주도적으로 수행할 수 있는 영역으로 제시됨. 인간의 판단 개입 필요성이 낮음."
중간관리자(Middle Manager),타인 감독 및 성과 통제,Govern,"  • 감독하다
  • 통제하다",Low,"관리자들이 즐기지 않지만 인간이 직접 수행해야 하는 업무로 분류됨. 구성원의 성과를 판단하고 통제하는 것은 책임성과 윤리적 판단이 수반되는 영역으로, 인간 주도가 필수임을 시사함."
중간관리자(Middle Manager),복잡한 문제 해결 및 추상적 추론,Analyze / Decide,"  • 추론하다",Low,"관리자들이 선호하는 업무 유형 중 하나로, 복잡한 문제 해결과 추상적 추론이 포함됨. 논문은 인간이 복잡한 의사결정·사회적 기술·감각이 필요한 업무에 집중하고, AI는 복잡한 연산이나 대량 데이터 처리에 집중하는 분업 구조를 제안함."
중간관리자(Middle Manager),교육·멘토링 및 대면 미팅 진행,Interact,"  • 교육하다
  • 멘토링하다
  • 회의하다",Low,"관리자들이 가장 즐기는 업무로 꼽은 영역으로, 직접적 대인 접촉(교육, 멘토링, 회의)이 핵심임. 감정·관계·신뢰 기반의 상호작용이 요구되며 AI 대체가 어렵고 인간의 부가가치가 가장 높은 업무로 제시됨."
중간관리자(Middle Manager),팀원 목표 설정 및 이행 현황 추적,Analyze,"  • 추적하다",Low,"참여자 전원이 공통적으로 수행한다고 언급한 팀 관리 업무로, 목표 설정·완료 추적·팀원 지원·리더십이 포함됨. 관계적 판단과 조직 맥락 이해가 필요한 고책임성 업무로, 인간의 직접 주도가 필수인 영역으로 제시됨."
중간관리자(Middle Manager),업무 자동화 도구 활용을 통한 워크플로 최적화,Operate / Decide,"  • 활용하다
  • 최적화하다",Medium,"  • AI Capability: 다양한 시스템 간 반복 업무를 자동화하고 워크플로를 연결·통합하는 역할을 AI가 수행함.
  • 인간 Capability: 어떤 워크플로를 자동화할지, 우선순위와 예외 상황을 판단하는 것은 인간의 역할. 관리자들이 생산성 향상 요인으로 명시적으로 언급한 영역임."
중간관리자(Middle Manager),조직 내 지식 집약,Integrate,"  • 집약하다",Medium,"  • AI Capability: 조직 내 기존 해결책·노하우를 자동으로 수집·집약하고 필요한 구성원에게 배포하는 역할을 AI가 담당할 수 있음.
  • 인간 Capability: 어떤 지식이 가치 있는지, 누구에게 배포할지에 대한 맥락적 판단과 우선순위 설정은 인간이 담당해야 함. 인터뷰에서 등장한 가상 어시스턴트 모델 중 하나의 핵심 기능으로 제시됨."
중간관리자(Middle Manager),반복 보고서 작성 및 현황 보고,Build,"  • 보고하다",High,"관리자들이 즐기지 않는 업무 4가지 중 '행정 업무'에 포함되어 AI 위임 선호도가 높게 나타남. 정해진 형식과 데이터를 기반으로 반복 생성되는 문서로, AI가 주도적으로 처리할 수 있는 영역."
중간관리자(Middle Manager),단순 쿼리 실행 및 데이터 조회,Operate,,High,반복적·저수준 업무로 분류되어 관리자들이 AI에 위임하고 싶어 하는 대표적 업무로 언급됨. 정해진 기준에 따라 데이터를 검색·조회하는 업무로 인간 고유의 판단 가치가 낮음.
중간관리자(Middle Manager),이메일 수신함 정리 및 우선순위 분류,Manipulate,"  • 정리하다
  • 분류하다",High,"일정 관리와 함께 가상 어시스턴트 위임 대상으로 명시된 업무. 대량의 정보를 기준에 따라 분류·필터링하는 반복 처리 업무로, 규칙 기반 자동화가 가능하며 인간의 직접 판단 개입이 낮은 영역임."
하이테크 서비스 직군(High-Tech Service Worker),대규모 데이터셋 신속 처리 및 분석 결과 산출,Operate / Analyze,,High,"논문은 하이테크 서비스 산업에서 AI가 대량 데이터를 신속히 처리하는 역할을 담당하며, 이것이 AI 도입의 핵심 목적임을 명시함. Table 2에서 '과업 자동화(Task automation)'는 반복적·루틴 업무의 인지적·시간적 부담을 AI가 해소해주는 영역으로, 인간의 창의적 업무 몰입을 위한 자원을 확보해주는 촉진초점 자원으로 분류됨. 인간의 직접 판단 개입이 낮은 반복·계산 집약 업무."
리더·관리자(Leader / Manager),인간-AI 업무 배분,Decide,"  •  배분하다",Low,논문은 AI를 부서 전반에 도입할 때 관리자가 직원의 의견을 수렴하고 인간-AI 간 과업 배분을 명확히 하며 통합적 워크플로를 설계하고 직원에게 AI에 대한 더 큰 자율성을 부여해야 한다고 권고함. 이는 조직 구조와 책임 체계를 결정하는 고책임성 인간 주도 업무임.
리더·관리자(Leader / Manager),직원 창의성 기대 수준 설정,Govern,"  • 설정하다",Low,"논문은 리더가 직원에게 창의성을 핵심 직무 요건으로 인식시키는 명시적 기대 설정이 창의적 몰입의 핵심 조절 변수임을 실증함. 특히 위계적 문화(중국 고권력거리)에서 직원의 창의 행동은 리더의 명확한 신호 없이는 발현되기 어려우며, 이는 인간 판단과 관계적 권위가 필수적인 Low 영역임. AI가 이 역할을 대체할 수 없음."
하이테크 서비스 직군(High-Tech Service Worker),AI 협업 환경에서의 기술 역량 개발,Build,"  • 개발하다",Medium,"  • AI Capability: AI가 정밀한 과업 수행과 일관된 결과 제공을 통해 직원의 기술 개발 기회와 구조적 직무 자원을 확충해 주는 '기술 개발 및 프로세스 최적화(Skill development and process optimization)' 기능을 담당함.
  • 인간 Capability: 어떤 기술을 어떻게 개발할지 방향을 설정하고 AI가 제공하는 성장 신호를 내면화하여 역량을 강화하는 것은 인간의 능동적 역할임. 논문은 직원이 AI와의 상호작용을 통해 성장 지향 과업을 추구하는 촉진초점 잡 크래프팅을 수행한다고 설명함."
하이테크 서비스 직군(High-Tech Service Worker),AI 활용을 통한 지식 탐색,Collect,"  • 탐색하다",High,"  • AI Capability: AI가 정보·인지 자원을 확장하고 불확실성을 줄이며 지각된 통제감을 높이는 '지식·의사결정 지원(Knowledge/decision support)' 기능을 수행함.
  • 인간 Capability: AI가 제공한 정보를 맥락에 맞게 해석하고 최종 의사결정을 내리는 것은 인간의 역할. 지식 근로자가 AI 어시스턴트를 활용해 창의 목표를 설정·모니터링·검토하는 자기조절 과정으로 묘사됨."
하이테크 서비스 직군(High-Tech Service Worker),AI와의 브레인스토밍을 통한 아이디어 생성 및 개념 개발,Integrate / Build,,Medium,"  • AI Capability: AI가 아이디어 풀을 확장하고 탐색 단계의 자원 소진을 줄이며 창의적 지속성을 자극하는 '창의적 비계(Creative scaffolding)' 역할을 담당함.
  • 인간 Capability: 아이디어의 유용성·참신성을 최종 판단하고 개념을 통합·발전시키는 것은 인간의 역할. 논문은 인간-AI가 서로의 입력을 흡수·발전시키는 반복적 공동창작 과정을 제안하며, 양측 모두의 역할이 필수적임을 강조함."
하이테크 서비스 직군(High-Tech Service Worker),업무 목표 진행 상황 모니터링 및 실시간 피드백 제공,Operate,,High,Table 2에서 '실시간 피드백 및 데이터 인사이트(Real-time feedback and data insights)'는 AI가 모니터링 정확도를 높이고 적응적 조정을 지원하며 효율적 자원 배분을 가능하게 하는 기능으로 분류됨. 규칙 기반 모니터링과 데이터 집계는 AI가 주도적으로 수행하며 인간 개입이 낮은 영역임.
관리자 / 리더,AI 통합 전략 수립 및 역할·책임 설계,Build,"  • 수립하다
  • 설계하다",Low,"논문은 인간–AI 협업을 위해 리더가 비전 설정, 역할 정의, 책임 구조를 명확히 해야 한다고 제시함. 조직 방향성과 책임성이 핵심이므로 인간 주도. "
일반 직원,고객 맞춤 대응 및 공감 기반 서비스 제공,Disseminate,"  • 제공하다",Low,"인간은 공감, 창의성, 사회적 기술에 강점이 있다고 명시됨. 관계 기반 서비스는 인간 주도. "
중간관리자(Middle Manager),조직 내 지식 배포 관리,Govern,"  • 관리하다",Low,"  • AI Capability: 조직 내 기존 해결책·노하우를 자동으로 수집·집약하고 필요한 구성원에게 배포하는 역할을 AI가 담당할 수 있음.
  • 인간 Capability: 어떤 지식이 가치 있는지, 누구에게 배포할지에 대한 맥락적 판단과 우선순위 설정은 인간이 담당해야 함. 인터뷰에서 등장한 가상 어시스턴트 모델 중 하나의 핵심 기능으로 제시됨."
일반 직원,복잡한 서비스 문제 해결 및 협업 수행,Interact,"  • 해결하다
  • 협업하다",Low,"  • AI Capability: AI는 데이터 기반 인사이트와 분석 결과를 제공하여 문제 해결을 지원함.
  • Human Capability: 인간은 공감, 직관, 맥락 이해, 창의적 판단을 통해 문제 해결을 완성함."
일반 직원,데이터 분석 및 패턴 기반 인사이트 도출,Analyze,,High,"AI는 대량 데이터 처리와 패턴 인식에 강점이 있음. 분석 중심 업무는 AI 주도 가능. "
일반 직원,반복적·정형화된 업무 수행,Operate,,High,논문에서 automation은 루틴 업무 처리로 정의됨. 반복 업무는 AI가 효율적으로 수행 가능.
데이터 / 시스템,데이터 보안·프라이버시 및 거버넌스 관리,Govern,"  • 관리하다",Low,"개인정보 보호, 데이터 규정 준수, 보안 체계 구축은 책임성과 윤리 판단 요구 "
데이터 / 시스템,데이터 검증 및 활용 적합성 판단,Validate / Decide,"  • 판단하다",Medium,"  • AI Capability: AI는 데이터 분석과 처리, 패턴 탐색을 통해 데이터 기반 판단을 지원함. 
  • 인간 Capability: 인간은 데이터의 정확성, 맥락 적합성, 최종 신뢰성을 판단해야 함."
데이터 / 시스템,AI 활용을 위한 데이터 관리 및 품질 확보,Validate,,High,"AI 협업의 기반은 데이터이며, 다양한 고객 데이터 수집·관리 필요. 수집·처리는 AI 강점 영역. "
HR / 조직,인간–AI 협업 성과 평가 및 기준 설정,Decide,"  • 설정하다",Low,"기존 성과평가로는 협업 가치 측정 불가하며 새로운 평가체계 필요. 평가 기준 설정과 책임은 인간 중심. "
HR / 조직,인간–AI 협업을 위한 인재 확보 및 역량 개발,Decide,"  • 확보하다
  • 개발하다",Medium,"  • AI Capability: AI는 학습 지원 및 정보 제공을 통해 직원의 역량 개발을 보조할 수 있음. → 논문에서 AI는 직원 업무를 지원하고 효율성을 높이는 도구로 작동함
  • 인간 Capability: 인간은 협업을 위한 역량 개발 방향 설정, 학습 설계, 조직 맥락 적용을 수행해야 함."
관리자 / 리더,AI 역량 이해 및 도입 기회 평가,Decide,"  • 평가하다",Medium,"  • AI Capability: AI는 다양한 데이터 분석과 패턴 인식을 통해 서비스 개선 기회를 식별하고 의사결정을 지원할 수 있음.
  • 인간 Capability: 인간은 AI의 기능과 한계를 이해하고, 실제 서비스 맥락에서 적용 가능성을 판단해야 함."
관리자 / 리더,AI 도입 변화관리 및 조직 내 수용 촉진,Interact,"  • 촉진하다
  • 변화관리하다",Low,"AI 도입 시 직원 불안, 저항, 불확실성 관리가 중요하며 리더가 이를 조율해야 한다고 설명됨. 감정·관계 기반 업무로 인간 중심."
운영/실무자,"반복적·정형화된 업무 수행 (입출고, 단순 처리)",Operate,,High,"정형·반복 업무는 AI 자동화에 적합하며 인간 개입 없이 수행 가능함. 특히 창고 업무처럼 단순 클릭 기반 작업은 AI가 완전히 대체 가능하며, 인간은 고부가가치 업무로 이동하게 됨."
운영/실무자,개인 전략 기반 업무 수행 및 조정,Decide,"  • 수행하다
  • 조정하다",Medium,"  • AI Capability: AI는 특정 전략(예: 주문 추천, 계획 제안 등)을 기반으로 의사결정 옵션을 제공함. 특히 전문가 기반 로직 또는 데이터 기반 추천을 통해 사용자 의사결정을 보조함.
  • 인간 Capability: 인간은 자신의 전략, 선호, 상황 판단을 반영하여 AI 추천을 선택하거나 수정함. 또한 사용자 스스로 AI를 커스터마이징하며 의사결정 기준을 설정함.
  • 개인 전략과 AI 추천이 결합되는 구조이므로 인간과 AI의 역할이 상호보완적으로 작용함."
운영/실무자,"AI 추천 결과 해석 ",Analyze,"  • 해석하다",Medium,"  • AI Capability: AI는 자동화된 의사결정 및 계산 결과를 생성하지만, 그 과정은 사용자에게 불투명하게 작동하는 경우가 많음(black box 문제)
  • 인간 Capability: 인간은 AI 결과의 신뢰성을 검증하고, 오류 가능성을 점검하며, 필요 시 재계산 또는 수정하는 역할을 수행함. 실제로 사용자들은 AI 결과를 다시 검증하는 행동을 보임."
운영/실무자,"비정형 업무 의사결정 수행 (주문 선택, 계획 수립 등)",Decide,"  • 의사결정하다
  • 선택하다",Low,비정형 업무는 명확한 규칙이 없고 상황 판단과 직관이 필요함. 논문에서는 이러한 업무는 AI가 완전히 대체할 수 없으며 인간의 판단이 필수적이라고 설명함.
운영/실무자,데이터 기반 의사결정 보조 및 분석,Decide,"  • 보조하다",Medium,"  • AI Capability: 계산·분석 지원
  • 인간 Capability: 최종 판단 수행"
운영/실무자,데이터 계산 및 오류 최소화 처리,Operate,,High,AI는 계산 기반 업무에서 인간보다 높은 정확성을 보이며 오류를 줄이는 데 효과적임. AI가 계산 오류를 제거하고 의사결정 과정에서 발생하는 수치적 실수를 감소시키기 때문에 이는 인간보다 AI의 수행 정확성이 높은 대표적인 영역임.
관리자 / 리더,인간–AI 협업 구조 설계 및 방향 판단,Decide / Govern,"  • 판단하다",Low,리더십은 인간–AI 관계를 매개하고 협업 구조를 설계하는 핵심 역할 수행. 전략적 판단과 책임 요구됨
조직 구성원,인간–AI 협업 기반 문제 해결 수행,Analyze / Decide,"  • 해결하다",Medium,"  • AI Capability: AI는 대량 데이터 분석 및 예측 제공
  • Human Capability: 인간은 창의성, 공감, 윤리 판단을 통해 문제 해결 완성
→ 인간 판단 + AI 분석 결합 구조 (hybrid interaction)"
조직 구성원,AI 결과를 맥락에 맞게 해석 및 적용,Analyze,"  • 해석하다
  • 적용하다",Medium,"  • AI Capability: AI는 데이터 처리와 패턴 인식을 통해 분석 결과를 생성함.
  • Human Capability: 인간은 경험과 맥락을 기반으로 결과를 해석하고 실제 상황에 적용함."
조직 구성원,AI 기반 데이터 처리 및 분석 수행,Operate / Analyze,,High,"AI는 데이터 처리, 패턴 인식, 분석에서 강점"
관리자 / 리더,AI 시스템 거버넌스 및 통제 구축,Build,"  • 구축하다",Low,"AI 시스템에는 governance framework 필요, 이는 인간 중심 관리 영역"
관리자 / 리더,AI 활용 의사결정에 대한 윤리적 판단,Decide,"  • 판단하다",Low,"AI는 윤리 판단 수행 불가, 인간이 윤리·책임 기반 의사결정 수행"
공공서비스 운영 담당자,정확한 서비스 정보 제공 및 일관된 결과 산출,Validate,"  • 제공하다
  • 산출하다",High,"논문은 서비스 정확성을 “AI 도구가 정확한 서비스 정보를 제공하고, 정밀하고 신뢰할 수 있는 정보를 산출하며, 오류가 드물고, 일관된 결과를 제공하는 것”으로 측정했다. 또한 정확성이 지각된 서비스 가치에 가장 강한 영향요인으로 나타났고, 인간–AI 협업의 조절효과는 유의하지 않았다. 즉, 이 기능은 인간 개입보다 AI의 정밀성과 일관성이 성과를 좌우하는 대표 영역이다."
공공서비스 관리자 / 정책설계자,서비스 가치와 시민 만족 향상을 위한 AI 운영 설계,Build,"  • 설계하다",Low,"논문은 공공서비스 설계에서 정확성·투명성·신뢰를 우선 확보하고, 그 후에 인간–AI 협업 같은 고도화 요소를 더해야 한다고 보여준다. 특히 NCA는 정확성·투명성·신뢰가 일정 임계치에 도달하지 않으면 만족 향상이 제한된다고 제시한다. 이런 임계치 기반 우선순위 설정과 운영 설계는 전략적 판단과 공공책임을 요구하므로 인간 주도 의사결정 기능이다."
공공서비스 관리자 / 정책설계자,AI 서비스의 공정성·투명성·책임성 보장,Govern,"  • 보장하다",Low,"논문은 AI 공공서비스의 과제 중 하나로 알고리즘 불투명성, 잠재적 편향, 책임성 문제를 제시하고, 공공가치이론 안에서 공정성·포용성·책임성을 유지해야 한다고 본다. 또한 인간–AI 협업은 윤리적이고 시민 중심적인 감독 구조를 만드는 장치로 설명된다. 따라서 이 기능은 기술 수행보다 제도 설계, 감독, 윤리 판단이 중심이므로 인간 주도 영역이다."
공공서비스 운영 담당자,복잡하거나 민감한 사례에 대한 인간 감독과 AI 보완,Govern,"  • 감독하다",Low,"논문은 인간–AI 협업을 “AI 도구와 직원이 효과적으로 협력하여 서비스를 제공하고, 함께 일함으로써 고품질 서비스를 보장하며, 복잡한 경우에는 인간 감독이 유지되는 구조”로 개념화한다. 또 인간–AI 협업은 루틴한 처리에서는 필수조건이 아니었지만, 복잡성·윤리성·신뢰가 중요한 장면에서 투명성과 신뢰 효과를 증폭하는 조절기제로 작동했다. 따라서 이 기능은 AI와 인간이 상호보완적으로 함께 작동하는 전형적인 Medium 영역이다."
공공서비스 운영 담당자,시민 신뢰 형성을 위한 서비스 제공 및 관계 관리,Disseminate / Govern,"  • 제공하다",Medium,"시민 신뢰는 AI 서비스가 시민의 최선의 이익을 위해 작동하고, 신뢰할 수 있으며, 의무를 제대로 수행한다고 믿는 정도로 측정되었다. 논문은 시민 신뢰가 지각된 서비스 가치에 유의한 영향을 미치며, 인간–AI 협업이 이 관계를 더 강하게 만든다고 밝혔다. 신뢰는 단순 정확성만으로 생기지 않고, 일관된 전달, 인간 감독, 공정성 및 시민 중심 정렬이 필요하므로 인간 Capability 비중이 크다."
공공서비스 운영 담당자,공공서비스 절차·상태·근거의 투명한 제공,Disseminate,"  • 제공하다",Medium,"논문은 투명성을 AI 기반 공공서비스가 운영과 의사결정 과정을 시민에게 접근 가능하고 이해 가능한 방식으로 전달하는 것으로 본다. 또 인간–AI 협업이 투명성이 지각된 서비스 가치에 미치는 영향을 유의하게 강화했다. 이는 AI가 정보 공개와 상태 업데이트를 수행할 수 있지만, 시민이 실제로 납득하고 신뢰하도록 만들기 위해서는 인간의 설명·맥락화·책임 있는 개입이 필요함을 보여준다."
생산관리,생산 데이터 패턴 분석 및 예측,Analyze,,High,머신러닝은 대량 데이터를 기반으로 패턴 분석과 예측을 수행하고 생산 최적화를 지원함. 데이터 기반 의사결정은 알고리즘 처리 중심으로 수행 가능하며 인간 개입 없이도 효율적으로 작동하는 영역으로 제시됨
생산관리,실시간 의사결정 및 대응,Decide,"  • 대응하다",Medium,"  • AI Capability: 실시간 데이터 기반 빠른 의사결정 및 자동 대응 수행 가능  
  • 인간 Capability: 긴급 상황 판단, 직관 기반 대응, 예외 상황 처리 수행 
  • 의사결정 속도가 중요한 경우 자동화가 유리하지만 특정 상황에서는 인간의 직관과 판단이 더 효과적일 수 있음"
생산관리,수요 예측 및 생산 계획,Analyze,"  • 예측하다
  • 계획하다",High,"머신러닝 기반 시스템은 수요 예측, 생산 일정 최적화, 공급망 데이터 분석을 수행하여 효율성을 향상시키는 핵심 도구로 제시됨"
생산관리,오류 탐지,Validate,"  • 탐지하다",Medium,"  • AI Capability: 데이터 기반 이상 탐지 및 오류 예측 수행 가능 
  • 인간 Capability: 오류 원인 분석, 대응 전략 수립, AI 결과 검증 및 수정 수행 오류 발생 가능성이 높을수록 인간 개입이 필요하며 AI는 탐지 역할 중심으로 작동한다고 제시됨"
생산관리,고복잡/전략적 의사결정,Decide,"  • 결정하다",Low,"복잡하고 비정형적인 의사결정은 높은 불확실성과 다양한 변수로 인해 인간의 경험, 직관, 전략적 판단이 필수적이며 AI는 보조적 인사이트 제공 역할에 머무름"
생산관리,중간 수준 의사결정 수행,Decide,"  • 수행하다",Medium,"  • AI Capability: 구조화된 데이터 기반으로 예측 결과 제공 및 의사결정 지원 수행 가능 
  • Human Capability: 복합 변수(자원, 병목, 상황 맥락)를 고려하여 결과 해석 및 최종 판단 수행 
  • 중간 수준의 복잡성에서는 AI가 의사결정을 지원하지만 인간의 해석과 개입이 필요하며 완전 자동화는 적절하지 않다고 설명됨"
생산관리,생산 프로세스 모니터링 및 최적화,Operate,,High,"AI는 센서 데이터와 생산 데이터를 실시간으로 분석하여 품질 개선, 다운타임 감소, 공정 최적화를 수행함. 반복적이고 규칙 기반인 공정 운영은 자동화에 적합한 영역으로 설명됨"
일반 직원,멘토와의 상호작용을 통한 암묵지 획득 (인지/기술),Interact,"  • 획득하다",Low,"  • AI Capability: AI는 정보 검색·필터링·지식 접근을 지원하여 학습 기반을 확장함 
  • Human Capability: 암묵지는 경험·관찰·상호작용을 통해서만 획득됨 "
일반 직원,업무 수행 중 AI 활용한 정보 탐색,Collect,"  • 탐색하다",High,반복적 정보 처리 업무의 경우 AI는 정보 검색·처리·필터링 자동 수행함.
일반 직원,멘토 지식 학습 및 내재화 (reflection & internalization),"Collect
","  • 학습하다
  • 내재화하다",Medium,"  • AI Capability: AI는 인지부담 감소 및 정보처리 지원 
  • Human Capability: 지식 해석·내면화는 인간의 인지적 처리와 학습 과정 필요"
병원 교대 근무 스케줄러,"근무 기준 및 규정 정의 (업무량 기준, 법적 근무 규정 산정)",Decide,"  • 정의하다",Low,"세 패러다임 공통으로 이 기능은 AI가 수행하지 않음. 규정·기준 설정은 책임성이 높아 인간의 판단 필수.

논문 Table 1 (Supervisory 조건 설명부): ""CareShifts defines work standards"" — 단, Supervisory 패러다임에서만 AI가 이 기능 일부 수행하며 이때 직무 의미감(job meaningfulness)이 가장 낮게 나타남 (p. 130:14)."
병원 교대 근무 스케줄러,"간호사 선호·불만 조율 (비공식 협상, 교환 요청 처리)",Interact,"  • 조율하다",Low,"여러 이해관계자의 요구를 통합하는 기능. AI는 규칙 기반 통합 가능하나, 개인 사정·감정적 맥락 통합은 인간 필요.

Interactive 패러다임에서 이 기능의 협업이 직무 의미감 향상에 기여 (Table 3 참조)."
병원 교대 근무 스케줄러,간호사들에게 일정 공지 및 전달,Disseminate,"  • 공지하다
  • 전달하다",Low,"시나리오에서 최종 근무표 전달은 관리자(인간)의 역할.

관계 기반 전달(설명, 이의 조율 등)은 AI 대체 불가. 논문에서 ""human commodities""에 해당하는 암묵적 기능으로 언급 (implicit function 영역)."
병원 교대 근무 스케줄러,최종 근무표 승인,Decide / Govern,"  • 승인하다",Low,"인간이 의사결정에 직접 관여하고 책임(accountability)을 질 때 직무 의미감이 높아짐.

Supervisory 패러다임(AI가 대부분 결정)에서 의미감이 가장 낮았고, 

Interactive 패러다임(인간이 최종 결정)에서 가장 높음. ""Higher accountability for the human to explain the decisions corresponds with higher perception of job meaningfulness"" (p. 130:16)."
병원 교대 근무 스케줄러,근무표 검토 및 수정 (공정성·법적 요건 검증),Validate / Manipulate,"  • 검토하다
  • 수정하다",Medium,"AI의 검증 역량은 높으나, 공정성(fairness)·개인 상황 판단을 위한 인간의 가치 판단이 반드시 필요.

논문에서 Interactive 패러다임의 핵심은 인간이 검증에 적극 참여해 책임감을 유지하는 것임 (pp. 130:14–16)."
병원 교대 근무 스케줄러,교대 일정 초안 생성 (근무표 Draft 작성),Build,,Medium,"AI가 초안을 생성하더라도 최종 산출물의 책임은 인간에게 귀속.

Interactive 패러다임에서 AI가 제안하고 인간이 공동 수정하는 방식이 가장 높은 직무 의미감과 연결됨 (p. 130:14, Table 3: Interactive 패러다임 teammate 조건 평균 4.82로 최고치)."
병원 교대 근무 스케줄러,간호사 개인 선호 및 필요 수집 (개인 일정 요구사항 파악),Collect,,High,"정보 수집 자체는 절차적으로 자동화 가능.

CareShifts가 ""employees' needs""를 입력받아 처리하는 것으로 시나리오에 명시됨 (논문 Table 1 시나리오 설명). 그러나 비공식적 맥락(관계 기반 정보)은 인간 수집 필요 — 논문 implicit function에 해당"
병원 교대 근무 스케줄러,필요 간호 인력 수 산출 (시간대별 필요 인원 계산),Analyze,"  • 산출하다",High,"법적 기준·수요 예측을 기반으로 한 수치 계산 업무로 절차적 처리가 가능. AI 역량 높고 인간 부가가치 낮음. 

Supervisory 조건에서 AI가 전담 수행하며, 논문에서 이 기능의 AI 자동화에 대한 저항감은 관찰되지 않음. (p. 130:16 참조, 성과 지각 분석 결과)"
병원 교대 근무 스케줄러,미래 활동 수요 예측 (피크/여유 시간대 예측),Analyze,"  • 예측하다",Medium,"AI의 역량(예측 능력)이 높으나, 실제 간호 현장 맥락·돌발 상황 판단을 위한 인간 해석이 여전히 필요함. 

Supervisory/Advisory 패러다임 모두에서 CareShifts가 예측을 수행하나, Interactive 패러다임에서 인간과 공동 검토 시 직무 의미감이 가장 높게 측정됨 (p. 130:14, Table 3)."
공급망 관리자,공급망 수요 예측 (실시간 재고 데이터 기반 미래 수요 분석),Analyze,"  • 예측하다",Medium,"AI가 예측·분석 역량이 높으나, 제품 특성에 따라 인간 직관의 개입 정도가 달라짐.

논문 p.37: ""fast moving products with limited historical data may require higher human intuition than highly volatile products""(Nair & Saenz, 2024 인용).

McKinsey 조사 인용에 따르면, AI가 재고 관리 효율 65% 향상 (p.36). 완전 자동화보다 CAIT 방식이 요구됨."
공급망 관리자,이해관계자 소통,Interact,"  • 소통하다",Low,"공급업체·파트너와의 장기적 신뢰 관계 구축은 인간 고유 영역.

SCWB의 핵심 요소로 논문 p.38: ""long-term supplier relationships"" 관리는 인간 판단과 관계 기반 활동.

책임성 높은 관계 지향적 기능."
공급망 관리자,공급망 성과 데이터 수집 (내·외부 데이터 수집),Collect,,High,"대규모 실시간 데이터 처리는 AI가 효율적으로 수행.

논문 p.36: AI가 ""rich datasets for effective decision-making""을 분석.

데이터 수집 자체는 절차적이며 인간 부가가치 낮음."
공급망 관리자,물류 경로 최적화 (배달 경로 실시간 추적·조정,Operate,"  • 최적화하다",High,"UPS의 ORION 알고리즘 사례 인용 (p.36): AI가 마지막 배달 구간(last-mile delivery)을 추적·최적화.

절차적 처리 업무로 AI 역량 높고 인간 개입 필요성 낮음.

실증 사례 기반으로 AI 자동화가 이미 정착된 기능."
공급망 관리자,CAIT 전략 및 역할 경계 설정 (협업 구조·절차 수립),Govern,"  • 설정하다",Low,"CAIT 설계 시 인간과 AI의 책임 경계 설정, 조직 문화·훈련 체계 구축 등은 인간이 주도.

논문 p.37: ""Several challenges inhibit CAIT design… deciding the boundaries of human and AI responsibilities.""

전략적 의사결정 영역으로 인간 주도 필수."
공급망 관리자,공급망 지속가능성 통합 (환경·사회적 가치 내재화),Integrate,"  • 내재화하다",Medium,"  • AI Capability: AI가 저탄소 관리·그린 운송 네트워크 분석 등 데이터 처리는 가능. (p.43 인용: Roux et al., 2023)

  • 인간 Capability: 사회적·환경적 가치 판단을 위한 인간의 윤리 판단이 결합되어야 함.

  • 논문 p.43: ""AI system design must extend beyond analysing patterns and trends to understanding sustainability drives and goals within the framing of human intuitions and judgements.”"
공급망 관리자,"AI 시스템 공정성 확보 (편향, 비차별 확인)",Govern,"  • 확보하다
  • 확인하다",Low,"비차별(non-discrimination)은 AI 공정성의 핵심으로, 인간의 정책·기준 설정이 전제.

논문 p.41: ""AI fairness focuses on reducing unfair consequences, discrimination and misjudgement of a specific user group.""

규제·감독 구조가 필요하여 책임성 높음."
공급망 관리자,AI 알고리즘 설명 및 해석 (AI 출력 결과 모니터링·감사),Validate,"  • 설명하다
  • 모니터링하다
  • 감사하다",Medium,"  • AI accountability 차원에서 인간이 AI 시스템의 행동을 식별·해석·평가하는 역할을 담당.

  • 논문 p.40: ""AI accountability refers to the process of enabling the user to identify, interpret and evaluate the behaviour of an AI system""(Table 1).

  • AI가 산출하나 인간 검토 필수."
공급망 관리자,공급망 리스크 관리 (위험 식별·대응),Govern,"  • 식별하다
  • 대응하다",Medium,"AI 예측 역량은 높으나 80% 이상의 공급망 의사결정자가 AI 도구에 불만을 표시(Secondmind, 2024, p.36).

위기 상황(disruption)일수록 인간 개입 필요.

CAIT가 단독으로는 SCWB에 직접 유의한 영향 없음 — RAI 매개 필요 (본 논문 주요 결과, p.35)."
공급망 관리자,공급업체 선정 및 조달 (공급업체 평가·선택),Decide,"  • 선정하다",Low,"AI 기반 공급업체 선정은 역사 데이터의 편향(bias) 문제로 신뢰도 저하 위험.

논문 p.36: ""AI-driven supplier selection may overlook risk-prone suppliers or make biased decisions based on historical data.""

  • 책임성(accountability)이 높은 영역으로 인간 판단 필수."
HR 채용 담당자,이력서·지원서 수집 및 대량 처리 (지원자 풀 확보),Collect / Operate,,High,"AI가 소셜·전문직 미디어에서 대규모 후보 풀을 저비용으로 접근·수집하는 기능 (p.74).

99% Fortune 500 기업의 ATS(지원자 추적 시스템) 활용 사례 인용 (p.73).

절차적·반복적 정보 수집으로 AI 역량 高, 인간 부가가치 低."
HR 채용 담당자,채용 AI 시스템 관리·감독 및 윤리 기준 설정,Govern,"  • 관리하다
  • 감독하다
  • 설정하다",Low,"AI opacity, AI empathy 억제 요인 관리 및 윤리적 AI 활용 기준 수립은 인간 주도.

""ethical implications of AI highlighting concerns regarding data security and privacy along with AI's potential biases"" (p.75).

조직의 AI 역량(AI competency) 확보 자체가 인간 주도의 거버넌스 기능."
HR 채용 담당자,"채용 결과 데이터 통합 ",Integrate,,Medium,"""AI offers considerable possibilities for strategic HR decision making and aligning HR plans with corporate objectives"" (p.76).

  • 인간 Capability: 다중 데이터 소스 통합을 AI가 지원하나, HR 전략과의 연계 판단은 인간 필요.

  • Recruitment agility enabler와 연결: AI가 ""improve data analysis for decision making"" (p.78)."
HR 채용 담당자,채용 직무기술서 작성 (JD 생성·표준화),Manipulate,"  • 작성하다
  • 표준화하다",Medium,"  • AI Capability: ""AI-powered tools enable organizations to…crafting job descriptions""이 AI 활용 기능으로 언급 (p.75).

  • 인간 Capability: 그러나 직무 요건의 적절성·형평성 판단은 인간 필요.

  • AI-enabled JD의 성별 편향 위험성 언급: ""gender prejudice in AI-enabled job advertisements"" (Lambrecht & Tucker, 2019, p.75)."
HR 채용 담당자,최종 채용 결정 및 합격자 선발,Decide,"  • 결정하다
  • 선발하다",Low,"Study 1 Figure 1 Human-driven hiring 항목의 마지막 항목: ""final decision""이 명시적으로 인간 영역 (p.77).

P24: ""Human recruiters can then focus on more nuanced tasks, such as conducting interviews, assessing cultural fit, and making final hiring decisions, where human judgment and empathy are crucial"" (p.79).

  • 책임성 최고 수준."
HR 채용 담당자,심층 면접 진행,Interact,"  • 면접하다",Low,"Study 1 Figure 1: ""personalized interaction, interviews, and final decision""은 Human-driven hiring 항목으로 분류 (p.77).

P10 응답: ""It would feel very cold to talk with an AI tool during a recruitment process, without any empathy"" (p.79).

관계 기반·감성 기반 활동으로 책임성 高, 인간 주도 필수."
채용 담당자,소프트스킬·감성·문화적 적합성 평가 (심층 면접 준비),Analyze / Decide,"  • 채용하다",Low,"Study 1 Figure 1 Human-driven hiring 항목에 ""Human judgment is required to assess soft skills (teamwork, adaptability), recruitment for senior positions, personalized interaction""으로 명시 (p.77).

AI empathy 문제: ""AI cannot perform the same as humans can to learn candidates' skills... AI tools might not be the best choice when evaluating soft skills and cultural fit, which call for human judgment and intuition"" (p.79)."
HR 채용 담당자,AI 기반 초기 후보자 평가 결과 검증 (편향·오류 확인),Validate,,Medium,"AI opacity 문제: ""AI-based tools can result in a black box type situation, where it can be difficult for us to ascertain the processes which lead the AI to exclude or include certain candidates"" (P24 인용, p.78).

  • 인간 Capability: AI 결과를 인간이 검토·확인하는 단계 필수.

Human-AI collaboration이 AI opacity 억제 효과를 유의하게 완화함을 실증 (Study 2 결과, p.73)."
HR 채용 담당자,후보자 초기 역량 데이터 분석 (스킬·자격 요건 분석),Analyze,,Medium,"  • AI Capability: AI가 ""data and insights about the recruitment process…tracking which qualifications are most important""를 수행. (P21 인용, p.78)

  • 인간 Capability: 데이터 해석과 채용 전략 적용은 인간 판단 필요.

  • AI opacity(불투명성) 문제로 AI 단독 분석 결과에 대한 신뢰도 제한 (p.78, 79).
  • Human-AI collaboration이 이 단계에서 효과 발휘."
HR 채용 담당자,이력서 스크리닝 및 요건 대조 (초기 적합성 필터링),Validate,,High,"Study 1 Figure 1 AI-driven hiring 항목에 ""resume screening, quick processing of large amounts of applications, use for repetitive and time-consuming tasks""로 명시 (p.77).

HR 응답자 P21: ""AI can quickly scan and evaluate a large volume of resumes, significantly reducing the time and effort required for initial screenings"" (p.78).

사전 정의된 기준에 따른 절차적 처리 업무."
호텔 종사자,체크인/체크아웃 처리 (자동화 키오스크·로봇 활용),Operate,,High,"호스피탈리티 AI 문헌에서 ""self-service kiosks and service robots that streamline check-in and delivery operations""으로 명시 (관련 인용 논문 p.254).

절차적·반복적 처리 업무로 AI 역량 높고 인간 부가가치 낮음.

본 논문의 AI 인식 맥락: 이 기능에서 AI 침범이 명확해 직원의 job threat awareness가 높게 나타남."
호텔 종사자,서비스 전략 결정 및 AI 채택 방향 설정,Decide,"  • 설정하다
  • 결정하다",Low,"변화지향적 리더십(change-oriented leadership)이 직원들이 AI 위협을 극복하고 능동적으로 AI 협업을 선택할 수 있도록 지원하는 '대처 전략'임.

AI 채택 방향 결정은 리더·직원의 인간 주도. 책임성 높음."
호텔 종사자,고객 서비스·감성 응대 (컨시어지·프론트 데스크 대면 서비스),Interact,"  • 응대하다",Low,"관련 문헌: ""frontline staff possessing non-cognitive skills (emotional, social, and personal competencies) that AI currently lacks""

AI 인식(job threat)이 높아도 대면 서비스의 감성·관계 역량은 인간 고유 영역으로 확인됨.

접근 동기(approach motivation) 활성화가 이 기능에서의 AI 협업을 이끄는 조건임."
호텔 종사자,고객 데이터 기반 수요·선호 분석,Analyze,,Medium,"  • AI Capability: AI가 ""data-driven analytics""로 분석 수행

  • 인간 Capability: 고객 맥락 이해와 서비스 전략 적용은 인간 판단 필요.

AI 인식이 높아도 분석 결과 해석과 서비스 적용은 직원 협업 필요."
호텔 종사자,고객 문의 대응 (챗봇·가상 어시스턴트 활용),Operate,"  • 대응하다",High,"""conversational chatbots and virtual assistants that provide instant guest support""

정형화된 질의응답 처리는 AI 주도 가능."
다산업 종사자,반복적 정보 수집 (루틴 데이터 수집·검색·입력 등),Collect / Operate,,High,"논문 p.4(H2 논거): ""AI tools such as chatbots for customer service or analytics platforms can manage routine responsibilities like information retrieval and pattern recognition, thereby alleviating the time and effort required of employees.""

절차적 반복 정보 처리 → AI 역량 高, 인간 부가가치 低."
다산업 종사자,창의적 과업 수행,Operate,"  • 수행하다",Medium,"논문 p.3: AI 협업으로 반복 업무 부담 감소 → 직원이 ""cognitively demanding and creative tasks""에 집중 가능(p.2).

  • 인간 Capability: 이 영역은 AI 지원이 있지만 인간의 인지적 참여가 핵심."
다산업 종사자,새로운 책임 수용 및 조직 기여 (적극적 행동),Interact,"  • 적응하다
  • 수용하다",Low,"논문에서 proactive behavior(적극적 행동)은 자기 주도적·미래 지향적 인간 행동으로 정의됨 (p.2).

""self-initiated, future-oriented actions intended to improve personal or organizational performance.""

AI가 자원(시간·에너지)을 확보해주지만 적극적 행동 자체는 인간 주도.

  • 책임성 高."
다산업 종사자,혁신적 아이디어 제안,Disseminate,"  • 제안하다",Medium,"논문 p.3(H1 논거): AI 협업으로 자원이 확보된 직원이 ""proactively propose new ideas, coordinate team efforts, or assume additional responsibilities.""

  • AI Capability: 인간이 주도하는 창의적 산출물이지만 AI 도움으로 자원이 확보됨."
다산업 종사자,데이터 분석 및 의사결정 (분석 플랫폼 활용),"Decide ",,Medium,"논문 p.3: ""analytics platforms for data processing.""

AI가 패턴 인식과 분석을 지원하지만, 결과 해석과 전략 적용은 인간 판단 필요.

제조업·금융·IT 맥락에서 AI 역량 高이나 인간 부가가치도 高."
다산업 종사자,루틴 고객 응대·정보 처리 (챗봇 기반 고객 서비스),Operate,,High,"논문 p.3(H2 논거): ""chatbots for customer service… manage routine responsibilities.""

사전 정의된 절차에 따른 정보 처리.

AI 협업으로 이 기능 부담이 줄었을 때 직원의 업무 몰입도와 적극적 행동이 증가함을 실증 (H4 지지, p.1)."
보험회사 고객 서비스 상담원,단순 고객 문의 처리 (주소 변경 등 정형화 요청),Operate,,High,"논문 p.137: ""The chatbot automated simple tasks… particularly for straightforward matters like updating a customer's address.""

AI 챗봇이 24/7 처리. 절차적·반복적 업무로 인간 부가가치 낮음.

직원들도 이 기능이 AI에 이전됨을 수용."
현장 경찰관,위험 지역 예측 기반 순찰 배치,Decide,"  • 배치하다",Medium,"논문 p.140: 미국 경찰에서 AI가 ""area predictions"" 제공 → 경찰관 배치.

AI가 예측하나 경찰관의 순찰 결정에 영향. 그러나 경찰관들이 예측 고위험 지역 배치에 저항 — ""triggered a different kind of risk awareness.""

  • 인간 Capability: 인간의 위험 감수 판단이 개입."
현장 경찰관,실시간 상황 판단,Decide,"  • 판단하다",Low,"논문 p.139–140: 스마트폰 정보 조회가 경찰관의 자세를 ""hunched-over""로 변화시켜 신체적 안전 위협.
AI가 정보를 제공해도 현장 판단·신체 대응은 100% 인간 주도.

""improved the information position… ended up deteriorating their physical safety.""

Decide 기능은 HAIC Low임을 신체적 안전 위협이라는 극적 방식으로 입증."
현장 경찰관,실시간 인물·차량 정보 조회 (스마트폰 앱 활용),Collect,"  • 조회하다",High,"논문 p.139: ""app with which they could scan driver's licenses and license plates which, through image recognition, would immediately result in a list of all past police registrations.""

AI 이미지 인식이 정보 수집 자동화. 절차적 업무."
경찰 정보 분석관,범죄 정보 현장 경찰관에게 전달,Disseminate,"  • 전달하다",Low,"논문 p.138: 인텔리전스 오피서가 현장 경찰관에게 AI 예측 결과를 전달·설명.

현장 맥락 이해와 관계 기반 소통이 필요. 인간 주도."
경찰 정보 분석관,AI 오류·편향 탐지 및 품질 검증,Validate,,Medium,"논문 p.139: 인텔리전스 오피서는 ""knowledgeable about the capabilities of AI to identify the underlying reasons for predictions or potential faulty predictions""을 요구받음.

  • 인간 Capability: AI 검증 역량 필요하나 인간 전문성도 필수. 그러나 기존 정보 직원의 교육 수준 미달로 번아웃 발생."
경찰 정보 분석관,AI 예측 결과 해석·번역 (현장 경찰관을 위한 내용 전환),Analyze,"  • 해석하다
  • 번역하다",Medium,"논문 p.138: 인텔리전스 오피서의 핵심 역할은 ""translation of AI outputs into practice.""

  • 인간 Capability: AI 역량 高이나 맥락적 해석·현장 적용은 인간 필수.

이 기능이 인간에게 ""cognitive overload"" 유발 — AI 협업이 오히려 부담을 증가시키는 사례."
경찰 정보 분석관,AI 범죄예측 결과 수신·처리,Analyze,,High,"논문 p.138: 범죄 예측 AI가 1주일 전 범죄 발생 위치·시간을 예측하여 출력.

AI가 데이터 처리·예측 완전 수행."
보험회사 고객 서비스 상담원,"감성 노동 지속 수행 (심층 감정적 지원, 공감 제공)",Interact,"  • 공감하다",Low,"논문 p.138: AI 도입 이후 직원의 업무가 ""solely emotional labor""로 재편.
→ 기존 단순 업무(휴식 역할)가 없어지며 emotional overload 발생.

""being a psychologist without the proper training"" — AI가 단순 업무를 가져가자 감성 업무만 남음. → 인간의 전적인 수행이 필요.

이 기능은 기존 10개 동사로 완전히 포착되지 않아 Empathize(공감)를 새로운 동사로 제안"
보험회사 고객 서비스 상담원,복잡·감성적 사안 상담 (사망 보험금 청구 등),Interact,"  • 상담하다",Low,"논문 p.137: ""For more sensitive or complex issues, such as claims for death insurance payouts, customers are still directed to human workers.""

감성 지능과 공감이 필수로 책임성 高. AI 대체 불가."
보험회사 고객 서비스 상담원,고객 정보 및 문의 수집 (초기 접수),Collect,,High,"논문 p.137: 챗봇이 ""primary point of contact for many InsureCo customers""로 기능하며 초기 고객 정보 수집 담당.

AI 역량 高, 인간 부가가치 低."
Services (Warmth/ Competence),고객 정서적 유대 및 '따뜻함' 제공,Interact,"  • 지지하다",Low,"• AI capability: 의인화(Anthropomorphism)를 통해 따뜻함을 흉내 낼 수 있으나 신뢰 구축에는 한계가 있음 .
• 인간 capability: 책임: 진정성 있는 공감과 정서적 지지를 통해 서비스 만족도를 결정짓는 최종 판단은 인간의 몫임."
Frontline Services (FLE),현장 로봇과의 협업 및 상호작용,Interact,"  • 협업하다",Low,"• AI capability: 육체적/심리적 워크로드를 분담하며 서비스의 '환대성(Hospitableness)'을 보조함 .
• 인간 capability: 책임: AI 도입으로 인한 이직 의도(Turnover intention)나 번아웃을 관리하며 팀워크를 유지하는 거버넌스 수행."
제조 (운영직),지능형 산업 로봇 운영,Operate,,High,지능형 산업 로봇 운영은 논문에서 AI 협업 업무의 대표적 사례로 명시됨. 로봇이 물리적 작업을 주도 수행하며 인간은 파라미터 설정·감독 역할. 반복적이고 자동화된 공정으로 책임성이 낮아 AI 주도 판단.p.6
금융서비스 (기술직),고객 서비스 가상 어시스턴트 운용,Operate,"  • 운용하다",Medium,"가상 어시스턴트를 활용한 고객 서비스가 명시적 AI 협업 사례로 언급됨. 정형 문의는 AI가 처리하고 복잡·감성적 상황은 인간이 개입하는 협업 구조. AI 역량 High, 인간 맥락 판단도 필요하여 Medium 판단.p.6"
금융서비스 (기술직),"AI 기반 의사결정 ",Decide,,Medium,"AI 기반 의사결정 지원 시스템(AI-driven decision-support system)이 구체적 협업 사례로 명시됨. AI가 정보 처리·대안 제시를 수행하고 인간이 최종 판단을 내리는 구조. 논문에서 의사결정 향상이 협업의 핵심 효과로 언급됨.p.1, p.6"
금융서비스 (기술직),AI 기반 리스크 평가,Integrate / Analyze,"  • 평가하다",Medium,"AI 기반 의사결정 지원·리스크 평가 시스템 활용이 명시적 사례로 언급됨. AI가 데이터 분석과 위험 점수 산출을 담당하고, 최종 심사·승인은 인간이 책임지는 협업 구조.p.6"
제조 (운영직),예측 모델 기반 생산 계획,Analyze,"  • 예측하다
  • 계획하다",High,머신러닝 예측 도구 활용이 명시적 사례로 언급됨. 수요·재고 예측 등 정형화된 예측 업무는 AI가 주도적으로 수행하며 인간의 부가가치 낮음.p.6
제조 (운영직),AI 이미지·음성·텍스트 인식,Collect,"  • 인식하다",High,AI 기반 이미지·음성·텍스트 인식 시스템 활용이 논문의 구체적 AI 협업 사례로 언급됨. 패턴 인식·분류는 AI가 독립적으로 고성능 수행 가능하며 인간 판단 개입 최소화.p.6
지식 근로자,커리어 네트워크 내 지식 전파,Disseminate,"  • 전파하다",Low,"• AI capability: 정보를 퍼뜨릴 수는 있으나 인간 관계 기반의 신뢰 형성은 불가능함 .

• 인간 capability: 책임: AI와 협업하여 얻은 인사이트를 동료와 공유하고 커리어 네트워크를 확장하는 관계 기반 과업임."
관리자/리더,디지털 업무 환경 감독 및 거버넌스,"Govern
","  • 감독하다",Low,"• AI capability: 표준화된 규칙 모니터링은 가능함.
• 인간 capability: 책임: 디지털 리더십을 발휘하여 팀원들이 AI를 신뢰하도록 환경을 조성하고 기술적 불확실성을 관리함.
→ 논문 자체의 내용이 AI 불확실성을 리더십으로 관리해야한다는 내용이다. "
경영 관리자,데이터 기반 미래 성과 예측,Analyze,"  • 예측하다",High,"• AI capability: 알고리즘을 통한 예측 분석(Predictive Analytics)은 인간의 직관보다 높은 정확도를 가짐. 

 • 인간 capability: AI가 분석한 데이터의 경향성을 확인하는 수준."
경영 관리자,의사결정 투명성 및 책임 관리,"Govern

","  • 관리하다",Low,"• AI capability: 자동화된 로그 기록은 가능하나 소통의 책임은 없음. 

 • 인간 capability: 책임: 의사결정 프로세스의 투명성을 확보하고 이해관계자들에게 설명하는 리더십 역할."
경영 관리자,"최종 전략 선택 및 자원 할당
","Govern

","  • 할당하다",Low,"• AI capability: 통계적 확률만 제공할 뿐 복잡한 이해관계를 반영하기 어려움. 

 • 인간 capability: 책임: 불확실성 속에서 최종 결정을 내리고 그 결과에 대한 모든 책임을 짐."
경영 관리자,최적의 비즈니스 전략 처방,Integrate,"  • 처방하다",Medium,"• AI capability: 다양한 시나리오에 따른 처방적 분석(Prescriptive Analytics) 대안을 제시함. 

 • 인간 capability: 책임: 제시된 여러 대안을 매니저의 경험 및 조직 맥락과 통합함."
경영 관리자,분석 결과에 대한 논리적 검증,Validate,,Medium,"• AI capability: 결과 도출 과정을 설명(Explainability)할 수 있는 기능을 제공함. 

 • 인간 capability: 책임: AI 결과가 조직의 실제 상황과 윤리적 기준에 부합하는지 최종 검토함."
간호사 (Nurses),"워크플로우 최적화, 자원 배분",Operate,"  • 배분하다",High,"• AI capability: 센서와 데이터를 통해 환자의 징후를 24시간 감시하고 자동 알람을 보내는 역량이 우수함. 

 • 인간 capability: 단순 모니터링은 AI에 맡기고 실제 응급 처치에 집중함. "
간호사 (Nurses),정서적 지지 및 상담 (Humanistic Care),Interact,"  • 지지하다
  • 상담하다",Low,"• AI capability: 정보 전달은 가능하나 진정한 공감과 심리적 지지 역량은 낮음. 

 • 인간 capability: 책임: 환자와의 신뢰 관계를 형성하고 정서적 케어를 제공하는 핵심적인 인간 고유 업무임."
간호사 (Nurses),임상 의사결정 지원,Govern,"  • 지원하다",Low,Accountability(책임성)이 높은 업무일수록 인간 주도(HAIC Low)가 되어야 한다는 논리를 의료 현장 데이터로 뒷받침해줍니다. 특히 임상 판단과 윤리적 민감성이 요구되는 업무는 AI가 대체할 수 없다는 실증적 근거로 활용 가능합니다.
간호사 (Nurses),환자 위험 예측,Analyze,"  • 예측하다",Medium,"• AI capability: 방대한 의료 데이터를 분석하여 질병 가능성을 예측함. 

 • 인간 capability: 책임: AI의 분석 결과를 환자의 개별적 특성과 대조하여 비판적으로 해석함. "
"직무 보편적
지식 노동 (Knowledge Work)",정보 검색 및 수집,Collect,"  • 검색하다",High,10명의 응답자가 AI가 정보 검색 과정을 단순화하고 수초 내에 모든 정보를 제공한다고 언급. 인간의 직접 판단 없이 AI가 주도적으로 수행 가능한 반복 작업으로 판단. p.7-8
직무 보편적,직원 AI 역량 교육,Interact,"  • 교육하다",Low,"AI 도입 전 직원 교육과 역량 개발은 조직 관리자의 책임. 응답자들이 AI 사용법 훈련과 지식 격차 모니터링을 조직의 핵심 과제로 제시.p.4, p.15"
직무 보편적,인간 관계 및 감성 소통,Interact,"  • 소통하다",Low,6명의 응답자가 AI가 인간적 유대와 대면 소통을 대체 불가능하다고 언급. AI가 답을 가져도 감성과 진정성은 인간 고유 영역임을 강조.p.11-12
직무 보편적,AI 도입 전략 결정,Decide,"  • 결정하다",Low,"기업의 AI 도입 시 조직 역량·가치관 평가 및 전략 방향 설정은 인간의 결정이 필수. 응답자들이 AI를 어떻게 도입하느냐가 핵심이라고 강조.p.4, p.15"
직무 보편적,데이터 프라이버시 정책 결정,Decide,"  • 결정하다",Low,"개인 데이터 수집·활용 방식에 대한 정책 결정은 높은 책임성 요구. 응답자들이 마이크로·메소·매크로 3개 수준 모두에서 데이터 프라이버시 우려를 표명.p.12-13, p.15-16"
직무 보편적,윤리적 AI 사용 기준 수립,Govern,"  • 수립하다",Low,"규정·정책 마련과 책임 있는 AI 사용은 인간의 고유 영역. 응답자들이 AI 규제 법률 부재를 지적하며 개발자·사용자·기관 모두의 도덕적 책임을 강조.p.13, p.15-16"
직무 보편적,AI 리스크 모니터링,Validate,"  • 모니터링하다",Medium,조직이 AI 사용의 지식 격차를 지속 모니터링해야 한다고 언급. AI 도구를 검증하고 통합하는 과정에서 인간의 판단과 AI의 데이터 처리가 함께 작동.p.4
직무 보편적,데이터 기반 의사결정,Decide,,Medium,"AI가 데이터 분석과 시뮬레이션을 수행하고 인간이 최종 비즈니스 결정을 내리는 협업 구조. 창의적 제품 디자인이나 데이터 기반 의사결정에서 인간-AI 협업이 강점.p.4, p.14"
직무 보편적,학습 및 역량 개발,Collect,"  • 학습하다
  • 개발하다",High,7명의 응답자가 AI를 학습 도구로 인식. AI가 지식 전달을 주도하지만 인간의 비판적 사고와 자기주도 학습이 반드시 필요하다는 균형 관점이 강조됨.p.7-8
직무 보편적,아이디어 발굴 및 창의적 작업,Build,"  • 작업하다",Medium,6명의 응답자가 창의력 부족 시 AI가 도움이 된다고 언급. AI가 아이디어와 영감을 제공하지만 최종 방향 결정은 인간이 담당하는 협업 구조.p.7
직무 보편적,자연어 처리 (NLP) 작업,Manipulate,"  • 처리하다
  • 번역하다
  • 분류하다",High,"감성 분석, 텍스트 분류, 언어 번역 등 NLP 기능은 AI가 독립적으로 높은 성능으로 수행. 인간의 개입 없이도 완수 가능한 기술적 작업으로 언급됨. p.3-4"
직무 보편적,자동화 업무 처리,Operate,,High,"문서화, 고객 지원 등 반복 업무를 AI가 자동 처리하고 직원을 고부가가치 업무에 집중시킬 수 있음. 응답자들도 AI가 특정 작업을 완전히 대체할 수 있다고 언급. p.3-4, p.9"
중간 관리자,AI 시스템 오류 확인 및 교정,Validate,"  • 확인하다
  • 교정하다",Medium,"  • 인간 Capability: AI가 실수를 하거나 고장 날 경우 인간이 개입하여 루틴 업무를 대신하거나 오류를 수정해야 함."
서비스 팀,"자산 관리 및 투자 솔루션 ",Analyze,,High,어드바이저가 인간의 개입 없이 독립적으로 투자 파라미터를 분석하고 솔루션을 제공함.
서비스 팀,고객 상담 및 기초 응대,Interact,"  • 상담하다
  • 응대하다",Low,"  • 인간 Capability: 챗봇이 쉬운 대화를 처리하지만, 해결하지 못하는 복잡한 문제는 인간 직원에게 정보를 전달하여 협업함."
서비스 팀,고객 데이터 분석 및 개인화,Analyze,,High,AI가 고객 데이터를 분석하여 의미 있는 패턴을 찾고 서비스를 개인화하는 데 최적화되어 있음.
서비스 팀,대출 신청 처리 및 의사결정,Collect / Operate,,High,대출 신청의 90%를 알고리즘이 독립적이고 자동적으로 처리하며 직접 결정을 내림.
중간 관리자,팀원 동기부여,Interact,"  • 동기부여시키다",Low,AI 도입에 따른 직업적 불안감을 해소하고 팀원에게 비전을 전파하는 것은 감성 지능과 공감이 필수적임.
중간 관리자,윤리적 가이드라인 및 규정 준수 감사,Govern,"  • 감사하다
  • 검토하다",Low,"GDPR, 금융 규제 등 법적 한계를 결정하고 정보 보안 및 리스크를 관리하는 것은 인간 고유의 책임 영역임."
최고경영자 (Top Manager),데이터 기반 분석 및 인사이트 추출,Analyze,"  •  추출하다",High,"AI는 방대한 데이터를 분석하고 데이터 기반 권고안을 신속·효율적으로 제공할 수 있으며, 전략적 의사결정 지원에 활용됨. 데이터 수집·분석 자체는 AI 역량이 높고 인간의 추가적 판단 필요성이 낮음."
최고경영자 (Top Manager),조직 민첩성 기반 변화 대응,Govern,"  • 대응하다",Low,"민첩성(Agility)은 경영자의 개인적 특성(위험 감수 성향, 적응력, 역동적 환경 경험)에 깊이 뿌리내린 역량으로, AI가 실시간 인사이트를 제공하더라도 최종 신속·유연한 판단은 경영자가 수행함."
최고경영자 (Top Manager),이해관계자 관계 관리 및 사회적 신뢰 형성,Interact,"  • 형성하다",Low,"경영자는 AI 사용에 대해 사회의 신뢰와 지지를 유지하기 위해 이해관계자 참여와 윤리적 관행을 채택해야 함.
 
감성지능과 사회적 지능은 AI가 대체할 수 없는 인간 고유 역량으로 명시됨."
최고경영자 (Top Manager),조직 문화·디지털 전략 방향 제시,Govern,"  • 제시하다",Low,"최고경영자는 디지털 문화를 촉진하고 AI 사용의 윤리적·포용적 기준을 설정하며 AI 이니셔티브를 조직 목표와 정렬시키는 책임을 가짐.

이 기능은 사회문화적 판단과 리더십 가치관이 핵심이므로 AI 대체 불가."
"최고경영자
  (Top Manager)",전략적 의사결정,Decide,"  • 의사결정하다",Low,"AI 도입은 복잡한 전략적 결정으로, 조직·기술·사회문화적 요인이 복합적으로 작용하며 경영자의 가치관·경험·인지 편향이 결정을 좌우함. UET에 따르면 경영자 특성이 조직 성과에 결정적 영향을 미침."
최고경영자 (Top Manager),조직 내 AI 지식·결과 공유 및 전파,Disseminate,"  • 공유하다",Medium,"리더가 AI 역량을 직원들에게 명확히 전달하고 기술과의 상호작용 능력을 시연할 때 팀 효율성이 높아짐
  • AI capability: AI 기반 커뮤니케이션 도구가 정보 전파를 지원함. 단, 이해관계자 수용을 위한 인간 관계 기반 소통이 병행 필요."
최고경영자 (Top Manager),디지털 역량 검증 및 AI 도입 타당성 평가,Validate / Analyze,,Medium,"  • AI capability: 조직의 현재 역량을 평가하고 개발이 필요한 영역을 파악하는 과정에서 AI 도구가 지원함.
  • 인간 capability: 데이터 인프라의 적절성 및 윤리 기준과의 정렬 여부 등 최종 평가는 경영자 판단이 필수적임."
최고경영자 (Top Manager),데이터 기반 전략 수립 및 혁신 기회 포착,Decide,"  • 수립하다",Medium,"  • AI capability: AI는 실행 가능한 인사이트를 생성하여 보다 정보에 기반한 효율적·근거 중심의 의사결정을 지원함.
  • 인간 capability: 최종 전략 방향 설정은 경영자의 인지적 프레임워크가 필수적임.
  • AI가 데이터를 제공하고 경영자의 고유한 인지 틀이 이를 실행 전략으로 전환함."
최고경영자 (Top Manager),반복·루틴 업무 자동화 관리,Operate,,High,AI는 반복적이고 루틴한 업무를 자동화함으로써 인적자원을 고부가가치 활동에 집중시키는 기회를 제공함. 자동화 대상 업무는 인간 부가가치가 낮음.
최고경영자 (Top Manager),성과 모니터링 및 정보 흐름 관리,Analyze,"  • 모니터링하다",High,"AI가 정보 접근을 용이하게 하여 기술·정보 공유가 경영자들의 사업 성과 평가 표준 도구가 되었으며, 정보 흐름 증가가 경영 성과를 개선함."
"최고경영자
  (Top Manager)",AI 기술 트렌드 정보 수집,Collect,,High,"TM은 AI 트렌드가 발전하는 방향을 파악하기 위해 실리콘밸리 기업 등 베스트 인 클래스의 AI 활동을 지속적으로 모니터링함. 정보 수집 자체는 AI 도구 활용 가능성이 높고 인간 부가가치가 낮음.

  • 책임성이 낮음."
최고경영자 (Top Manager),AI 문화 조성 및 변화관리 주도,Govern,"  • 조성하다",Low,"TM은 실패를 허용하고 지식 공유를 장려하는 기업문화를 능동적으로 관리하고, AI의 변혁적 특성을 조직 가치 체계의 핵심 요소로 자리잡게 해야 함.

  • 문화와 가치관 변화는 인간 리더십의 고유 영역으로 책임성이 가장 높음."
최고경영자 (Top Manager),AI 솔루션 구현을 위한 조직구조 개편,Decide,"  • 개편하다",Low,"TM은 AI 이니셔티브 실행을 위한 적절한 환경(AI 랩 등) 조성, 의사결정 위계 재편, CIO/CDO 역할 설정 등 조직구조를 재설계해야 함.

  • 조직 전체에 영향을 미치는 구조적 변화로 높은 책임성이 요구되어 인간 주도."
최고경영자 (Top Manager),AI 인재·자원·인프라 확보 및 배분,Decide,"  • 배분하다",Low,"TM은 적절한 직원에게 책임을 부여하고, 다양한 학제 간 팀 구성, 외부 협력 네트워크 구축, 재무·인프라 자원 제공 등을 결정해야 함.

  • 높은 불확실성과 복잡한 인적·재무 판단이 요구되어 책임성 높은 인간 주도 기능."
최고경영자 (Top Manager),AI 비전 투명하고 신뢰 가능한 소통,Interact,"  • 소통하다",Low,"TM은 AI 비전을 명확히 소통하고, 프로세스·워크플로우 변화를 투명하게 공유하며, 이해관계자들에게 초기 결과를
  납득 가능하게 제시해야 함. 조직 내 신뢰 형성과 이해관계자 관계가 핵심으로 책임성이 높아 인간 주도."
최고경영자 (Top Manager),실험 허용 및 애자일 환경 조성,Govern,"  • 조성하다",Low,"TM은 반복적·애자일 접근법을 허용하고 불가피한 실패에 대한 내성을 보장하여 신뢰 환경을 만들어야 함.

  • 이는 리더십 태도와 조직문화 형성에 관한 기능으로 AI 대체 불가하며, 책임성이 높음."
최고경영자 (Top Manager),AI 목표 진행상황 모니터링,Operate,"  • 모니터링하다",High,"TM은 AI 이니셔티브의 중간 목표를 조율·모니터링하고 직원들을 동기부여함. 진행상황 추적·데이터 수집 자체는 AI 대시보드·툴이 높은 역량으로 수행 가능.

  • 책임성이 낮아 AI 주도 가능한 기능."
최고경영자 (Top Manager),AI 유스케이스 평가,Analyze / Decide,"  • 평가하다(분석동사)
",Low,"TM은 고객 니즈 중심으로 AI 유스케이스를 발굴·우선순위화하고, 재무·비재무(윤리·법적·신뢰·전략적 적합성) 결과를 종합적으로 평가하여 AI 이니셔티브를 승인·거절해야 함.

  • 복잡한 판단과 높은 책임성이 요구되어 인간 주도."
최고경영자 (Top Manager),비즈니스 모델 재검토,Decide,"  • 재검토하다",Low,"TM의 초기 역할은 조직의 장기적 AI 방향을 정의하는 것으로, AI 비전 명시·프로젝트 목표 설정·기존 비즈니스 모델 재검토를 포함함.

  • 이는 고도의 전략적 과업으로 모든 역량을 요구하며, 책임성이 가장 높은 인간 주도 기능임."
최고경영자 (Top Manager),AI 마인드셋 기반 실험·학습 문화 내재화,Disseminate,"  • 내재화시키다",Low,"TM은 유연한 마인드셋, 실험 의지, 데이터 기반 인사이트에 대한 열정을 보여야 하며 조직 전반에 AI 확산 의지와
  헌신을 표명해야 함. 이는 인간 리더십의 태도·가치관에 기반한 기능으로 AI 대체 불가.

  • 책임성 높음."
최고경영자 (Top Manager),AI 리스크 평가 및 윤리 기준 관리,Analyze / Govern,"  • 평가하다",Medium,"  • 인간 Capability: TM은 AI 도입으로 인한 잠재적 위험(직원 일자리 불안, 제조 프로세스 손상 등)을 적절히 평가하고 대응 전략을 수립해야 하며, 조직의 도덕적 나침반 역할로서 AI 맥락에서 윤리 기준 준수를 보장해야 함. AI 도구가 리스크 시나리오 분석을 지원하나 최종 판단은 인간."
최고경영자 (Top Manager),AI 기반 비즈니스 모델 혁신 판단,Decide,"  • 판단하다",Low,"TM은 AI 알고리즘 결과를 최종 결정에 반영하기 전 인간의 판단으로 적절히 평가해야 함. AI는 패턴 인식에 뛰어나지만 신중한 의사결정은 인간의 최종 판단에 의존해야 한다고 명시.

  • 책임성 높음."
최고경영자 (Top Manager),AI 알고리즘 결과 데이터 분석 및 패턴 인식,Analyze,"  • 인식하다",Medium,"  • AI Capability: 복잡한 알고리즘이 방대한 데이터에서 인사이트를 추출하는 것은 AI 역량이 높음
  • 인간 Capability: TM은 AI 결과물을 최종 의사결정에 반영하기 전에 반드시 인간의 판단으로 검토·검증해야 함.

  • 책임성은 중간 수준."
마케팅,고객 데이터 수집 및 통합 (수치·비수치 데이터),Collect,,High,"AI는 고객 거래 데이터, 소셜미디어, 구매이력, Pinterest 핀 등 대규모 수치·비수치 데이터를 수집·통합하는 기능을 높은 역량으로 수행. Stitch Fix 사례에서 AI가 고객 선호 데이터를 수집·통합하는 역할을 담당.

  • 이 기능은 인간 부가가치·책임성이 낮아 AI 주도 가능."
마케팅,신제품 수요 예측의 최종 판단 및 인간-AI 결합 의사결정,Decide,"  • 판단하다",Low,"AI 알고리즘은 점진적 신제품에 대한 예측력은 높으나, 완전 새로운 제품(RNP)에 대한 훈련 데이터가 없어 예측이 불확실함.

  • 이 경우 AI 인사이트와 인간 판단을 최적으로 결합하는 방법이 연구 과제로 제시되며, 최종 의사결정은 높은 책임성으로 인간 주도."
마케팅,AI 윤리·프라이버시·편향 평가,Analyze / Decide,"  • 평가하다(분석동사)",Low,"논문은 AI 도입 시 데이터 프라이버시, 알고리즘 편향, 윤리 문제가 핵심 과제임을 강조하며, 마케팅 학문이 이 문제를 주도적으로 다뤄야 한다고 주장함. 

  • 이러한 거버넌스 기능은 사회적 책임성과 윤리적 판단이 요구되어 인간 주도 필수."
마케팅,"고객 관계 관리 ",Govern,"  • 관리하다",Low,"고객이 AI 봇과 대화 중임을 인식하면 구매율이 75% 감소한다는 연구 결과(Luo et al., 2019)에서 보듯, 고객은 AI의 공감 능력을 신뢰하지 않음.

  • 감성 지능과 관계 기반 소통이 핵심인 고객 관계 관리는 인간이 담당해야 하며, 책임성이 높음."
마케팅,마케팅 전략 방향 결정 및 비즈니스 모델 혁신,Decide,"  • 결정하다",Low,"AI는 단기·중기적으로 '태스크 자동화' 수준에 머물며, 복잡한 비즈니스 맥락을 이해하고 전략적 방향을 결정하는 '맥락 인식 수준의 AI는 장기적으로도 달성 가능 여부가 불확실함.

  • 마케팅 전략 방향 결정은 높은 책임성을 요구하는 인간 주도 기능."
마케팅,소비자 감성 분석 및 비수치 데이터 해석,Analyze,,Medium,"  • AI Capability: Affectiva(운전자 감정·피로 감지), Cloverleaf shelfPoint(매장 고객 표정 분석) 등 AI가 음성·이미지·표정 데이터를 해석하는 역량을 보임.

  • 인간 Capability: 그러나 비수치 데이터 분석 능력은 아직 제한적이며, 인사이트 해석과 마케팅 전략 적용은 인간 판단이 필요.

  • 책임성 중간."
마케팅,영업 프로세스 지원 (실시간 피드백 제공),Desseminate,"  • 제공하다",Medium,"AI Capability: AI가 영업 통화를 실시간 모니터링하며 고객의 음성 분석을 통해 숨겨진 문제를 파악하고, 영업사원에게 다음 접근 방식에 대한 실시간 피드백을 제공함.

  • 인간 Capability: AI 역량은 높지만 최종 영업 대화와 고객 관계 관리는 인간 영업사원이 담당.
 
  • 책임성 중간."
마케팅,세그멘테이션·타겟팅·포지셔닝(STP) 전략 수립 지원,Analyze / Decide,"  • 수립하다",Medium,"  • AI Capability: AI는 텍스트 마이닝, 머신러닝 알고리즘을 활용해 수익성 높은 고객 세그먼트를 식별하고 STP 전략의 방향성을 시각화하는 데 기여함.
  
  • 인간 Capability: 단, 최종 타겟팅 전략 결정은 마케터의 비즈니스 판단이 필요하며, AI는 분석과 통합을 지원하는 역할.
  • 책임성은 중간."
마케팅,고객 데이터 기반 개인화 추천 생성,Build,,Medium,"  • AI Capability: Stitch Fix 사례에서 AI는 수치·비수치 데이터를 분석해 패션 스타일리스트에게 요약 정보를 제공.

  • 인간 Capability: 스타일리스트(인간)가 최종 의류 선택을 결정함. AI가 추천 초안을 생성하지만 인간의 창의적 판단과 고객 이해가 필수적으로 결합되어야 하며, 책임성이 중간 수준."
마케팅,고객 구매 예측 및 수요 예측 모델링,Analyze,"  • 예측하다",High,"AI는 고객의 과거 데이터를 기반으로 구매 가능성을 예측하고, shipping-then-shopping 비즈니스 모델처럼 주문 없이도 고객이 원하는 것을 사전에 예측·발송할 수 있는 수준의 분석을 수행.

  • 데이터 기반 반복 분석으로 책임성 낮아 AI 주도 가능."
마케팅,디지털 광고 프로그래매틱 바잉 및 타겟팅,Operate / Manipulate,,High,"AI는 디지털 광고 구매(programmatic buying)와 타겟 고객 세그먼트 실시간 적용을 자동으로 수행. McKinsey 분석에서 마케팅·영업 분야에서 AI의 잠재 가치가 가장 높으며, 특히 광고 타겟팅 자동화가 핵심 사례로 언급됨.

  • 책임성 낮아 AI 주도 가능."
마케팅,잠재 고객 리드 스크리닝 및 초기 응대,Collect / Operate,,High,"Conversica AI(Angie)가 월 3만 건의 아웃바운드 이메일을 발송하고 응답을 해석해 유망 리드를 선별·라우팅하는 기능을 AI가 주도적으로 수행. 파일럿 테스트에서 수신 이메일의 95% 이상을 AI가 적절히 처리.

  • 루틴하고 규칙 기반 업무로 책임성 낮아 AI 주도 가능."
마케팅,가격 최적화 및 실시간 가격 조정,Manipulate,"  • 최적화하다
  • 조정하다",High,"AI는 방대한 수치 데이터를 분석해 최적 가격을 설정하고 실시간으로 조정함. 사례에서 AI가 머신러닝 모델로 구매 가능성 높은 고객을 식별하고 가격 전략을 자동 실행.

  • 규칙 기반·반복적 업무로 책임성 낮아 AI 주도 가능."
고객지원 상담원,고객 문의 분류 및 관련 기술 문서 검색·제공,Collect,,High,"AI 시스템은 고객과의 대화 히스토리를 실시간으로 분석해 내부 기술 문서 링크를 자동으로 추천함. 상담원이 직접 검색하거나 분류할 필요 없이 AI가 주도적으로 정보를 수집·제공하는 기능.

  • 반복적이고 패턴 기반의 업무로 책임성이 낮아 AI 주도 가능."
고객지원 관리자,AI 도입 대상자 선정 및 온보딩 일정 조율,Decide,"  • 조율하다
  • 선정하다",Low,"관리자가 AI 온보딩 대상 상담원을 직접 선정하고 팀 커버리지를 고려해 훈련 일정을 배분함. 고객 서비스 중단 최소화, 팀 구성, 예산 등 복합적 맥락을 고려한 의사결정으로 AI가 대체할 수 없는 인간의 조직적 판단 기능.

  • 책임성이 높음."
고객지원 관리자,상담원 성과 코칭 및 1:1 피드백 제공,Interact,"  • 코칭하다",Low,"관리자는 매주 상담원과 1:1 피드백 세션을 진행하며 새로운 버그 해결법, 세금 변경 사항, 고객 감정 관리 방법 등을 지도함. AI가 상담원을 직접 코칭하지 않으며, 인간 관리자의 관계 기반 판단과 맥락 이해가 필수적. 높은 책임성과 인간 고유의 판단이 요구되는 인간 주도 기능."
고객지원 상담원,복잡·고위험 고객 문제 최종 판단 및 에스컬레이션 결정,Decide,"  • 판단하다",Low,"AI 시스템은 충분한 훈련 데이터가 없는 상황에서는 제안을 제공하지 않으며, 이 경우 상담원이 독자적으로 대응해야함.

고위험·복잡 문제에서 AI 혼자 결정하는 것은 적절하지 않으며 최종 책임은 상담원에게 있음.

고숙련 상담원이 AI를 무시하고 독자 판단할 때 더 높은 해결품질을 보이는 경우도 나타남."
고객지원 상담원,AI 활용 기반 직무 역량 학습,Collect,"  • 학습하다",Medium,"  • 인간 Capability: AI 권장사항을 따른 상담원은 AI 시스템 장애(outage) 상황에서도 생산성이 향상됨을 보임. 이는 AI 활용이 인간의 지속적인 학습과 역량 향상으로 이어짐을 의미. 저숙련 상담원이 고숙련자의 베스트 프랙티스를 AI를 통해 학습·통합하는 과정. AI와 인간이 함께 역량을 발전시키는 협업 구조."
고객지원 상담원,고객 감정 파악 및 공감 기반 커뮤니케이션 실행,Interact,"  • 감정을 파악하다
  • 의사소통하다",Low,"  • AI Capability: AI 시스템은 고객 감정에 적절한 공감 표현을 학습해 제안함. AI 지원 후 고객의 채팅 메시지 감성(sentiment)이 개선되고 관리자 연결 요청이 감소함.

  • 인간 Capability: AI가 공감 문구를 제안하지만, 실제 감정 판단과 관계 관리의 책임은 인간에게 있어 중간 협업."
고객지원 상담원,AI 제안 검토·선별 및 최종 응답 결정,Validate / Decide,"  • 검토하다
  • 선별하다
  • 결정하다",Medium,"  • 인간 Capability: 상담원은 AI가 제안한 응답을 직접 사용하거나 부분 수정하거나 무시할 수 있는 완전한 재량권을 가짐. 상담원이 AI 제안의 품질을 판단하고 최종 전송 메시지를 결정하는 단계.

  • AI 역량이 높지만 최종 판단·선택은 인간이 수행하므로 책임성 중간의 협업 구조."
고객지원 상담원,비정형·희귀 고객 문제 진단 및 해결책 탐색,Validate,"  • 진단하다
  • 탐색하다",Medium,"  • AI Capability: AI 지원 효과는 드문 문제(rare problems)에서 가장 크게 나타남. 이는 상담원이 기존 경험이 부족한 희귀 이슈에서 AI가 패턴 인식으로 새로운 해결책을 제시하기 때문.

  • 인간 Capability: 그러나 문제 진단의 정확성과 해결책 적절성 판단은 상담원의 확인이 필요하며, AI와 인간이 함께 협업.

  • 책임성 중간."
고객지원 상담원,표준화된 고객 응답 문구 생성 (초안 작성),Build,"  • 생성하다",High,"AI는 대화 맥락을 기반으로 실시간 응답 문구를 자동 생성함. 상담원의 평균 AI 권장사항 채택률이 38%이며, 채택률이 높을수록 생산성이 25%까지 향상됨.

  • 루틴한 응답 초안 생성은 AI 역량이 높고, 인간의 최종 확인·수정은 있으나 책임성이 낮아 AI 주도로 분류."
고객지원 상담원,반복·루틴 고객 문제 처리 및 응대 자동화,Operate,"  • 처리하다
  • 자동화하다",High,"AI는 자주 발생하는 루틴한 고객 문제에 대해 최적 응답을 실시간으로 제안하며, 상담원이 더 빠르게 처리할 수 있도록 지원.
경험 있는 상담원의 경우 AI 제안을 따를 때 생산성(시간당 해결 건수)이 상승.

  • 빈번하고 패턴화된 문제는 AI 역량이 높고 책임성이 낮음."
경영 컨설턴트,신제품·서비스 아이디어 발상 및 초안 생성 (프론티어 내부),Build,"  • 생성하다",High,"AI를 활용한 컨설턴트가 신발 틈새시장 아이디어 생성 과제에서 통제군 대비 품질이 약 33% 향상됨. AI가 창의적 아이디어 초안 생성에서 높은 역량을 보이며, 인간의 부가가치·책임성이 상대적으로 낮은 초안 생성 단계는 AI 주도 가능. 이 태스크는 GPT-4의 '프론티어 내부' 태스크로 실험적으로 확인됨."
경영 컨설턴트,"고객사 CEO 대상 최종 전략 권고 ",Disseminate,"  • 권고하다
",Low,"실험의 프론티어 외부 태스크에서 컨설턴트는 CEO에게 브랜드 성장 전략을 최종 권고해야 했으며, 이는 고도의 맥락 이해와 책임성을 요구함.

AI가 설득력 있는 문구를 생성하더라도 내용이 부정확할 수 있어, 최종 대외 권고는 인간이 책임져야 함.

  • 가장 높은 책임성을 가진 인간 주도 기능."
경영 컨설턴트,AI 프론티어 경계 판단 및 AI 활용 범위 결정,Decide,"  • 결정하다",Low,"'Jagged frontier'의 위치는 사전에 명확하지 않으며, 어떤 태스크에 AI를 쓸지 판단하는 것 자체가 고도의 인간 판단 기능.

컨설턴트들은 AI를 과신(overrely)해 프론티어 외부 태스크에서도 AI에 의존함으로써 성과가 저하됨.

  • 이 판단 기능은 책임성이 높아 인간이 수행해야 함."
경영 컨설턴트,복합 데이터(인터뷰+재무) 기반 전략적 의사결정 (프론티어 외부),Decide,"  • 결정하다",Low,"AI 사용 컨설턴트가 정성적 인터뷰와 정량적 재무 데이터를 통합해 전략적 권고를 도출하는 과제에서 정답률이 19%p 하락(통제군 84.5% vs. AI 그룹 평균 65%).

  • AI가 표면적으로 그럴듯한 답을 생성하지만 실제 정확도는 낮음. 높은 책임성과 복합 맥락 판단이 요구되는 전형적인 인간 주도 기능."
경영 컨설턴트,정성적·정량적 데이터 통합 분석 및 인사이트 도출 (프론티어 내부),Integrate / Analyze,,Medium,"  • 프론티어 내부 분석 과제에서 AI 지원이 품질 향상을 가져오지만, AI와 인간의 데이터 해석 능력이 결합될 때 최적 결과 도출.

  • 컨설턴트의 비즈니스 맥락 이해와 AI의 패턴 분석이 함께 작동하는 협업 구조.

  • 책임성은 중간 수준."
경영 컨설턴트,AI 지원 기반 창의적 아이디어 발전·정교화,Build,"  • 발전시키다
  • 정교화하다",Medium,"  • 인간 Capability: AI가 아이디어 초안을 생성하면, 컨설턴트가 이를 선별·발전·통합하는 과정에서 인간의 창의적 판단이 필수적으로 결합됨.

특히 저숙련 컨설턴트가 AI와 협업할 때 가장 큰 품질 향상을 보임.

AI 역량과 인간 판단이 함께 요구되는 중간 수준의 협업 구조."
경영 컨설턴트,AI 생성 결과물 검토·비판적 평가 및 수정,Validate,"  • 검토하다
  • 수정하다",Medium,"  • 인간 Capability: AI 프론티어 어느 쪽에 태스크가 위치하는지 사전에 파악하기 어려우므로, 컨설턴트는 AI 결과물을 비판적으로 검토·수정해야 함.

  • AI 역량은 높으나 결과물의 정확성·적절성 판단에는 인간의 전문적 판단이 함께 필요.

  • 책임성 중간 수준의 협업 기능."
경영 컨설턴트,설득력 있는 커뮤니케이션 문구 생성 (프론티어 내부),Build,"  • 생성하다",High,"설득적 메모·이메일 작성 과제에서 AI 지원 그룹이 통제군 대비 유의미한 품질 향상을 보임. 또한 프론티어 외부 태스크에서도 AI 사용 그룹의 '주관적 일관성 품질'이 25% 높게 나타남.

  • 설득 문구 생성 자체는 AI 역량이 높고 책임성이 낮아 High로 분류."
경영 컨설턴트,시장 세그먼트 분류 작업 (프론티어 내부),Manipulate,"  • 분류하다",High,"AI 지원 조건의 컨설턴트가 시장 세분화 분석 과제(analytical thinking)에서 유의미한 품질 향상을 보임.

  • 구조화된 데이터를 분류·정리하는 조작 기능은 AI 역량이 높고 루틴 성격이 강해 책임성이 낮음.

  • 프론티어 내부 태스크로 실증됨."
경영 컨설턴트,보고서·프레젠테이션 문서 초안 작성 (프론티어 내부),Build,"  • 작성하다",High,"AI 지원 컨설턴트가 문서 작성(writing proficiency) 과제에서 품질과 완성률이 유의미하게 향상됨. 컨트롤 그룹 완성률 82% vs. AI 그룹 91~93%.

  • 반복적 문서 작성 기능은 AI 역량이 높고 책임성이 낮아 AI 주도 가능.

  • 프론티어 내부 태스크로 실증됨."
HR 담당자,지원자 경험 관리,Operate,,High,"챗봇(디지털 가상 어시스턴트)이 지원자 질의 실시간 응답, 이력서 사전 스크리닝, 직무 매칭 자동 분석을 수행함.

지원자 응대·정보 제공은 절차적·반복적 정보 운영 업무."
HR 담당자 / 조직 리더,AI 출력 해석 및 의사결정 지원,Analyze,"  • 해석하다 
  • 평가하다",Medium,"  • AI Capability: AI가 데이터 분석·인사이트 생성을 수행

  • 인간 Capability: 출력 결과 해석·신뢰성 평가·실행 전략화는 도메인 전문성을 갖춘 인간이 수행.

  • 논문은 'utilization skills'로 이를 정의하며 인간-AI 협업의 핵심으로 제시."
HR 담당자 / 조직 리더,AI 거버넌스 및 윤리 감독,Govern,"  • 감독하다",Low,"AI 알고리즘의 편향·불투명성·책임성 문제는 인간 HR 관리자가 감독·판단해야 하며, AI 결과에 대한 소유권이 HR 관리자에게 귀속됨.

논문은 윤리·도덕 원칙 기반 거버넌스를 비기술적 핵심 자원으로 명시."
HR 담당자 / 조직 리더,역할 명확화,Decide,"  • 명확화하다",Low,"  • 논문의 핵심 주장 → AI-직원 통합 전략(AI socialisation), 역할 명확화, 경력 경로 설계는 조직 리더·HR이 주도해야 함.

  • 집합 지능(collective intelligence) 구축은 인간의 전략적 판단·관계 구축이 핵심. "
HR 담당자,HR 예산 및 자원 배분,Decide,"  • 배분하다",Low,"AI가 내·외부 정보를 종합해 예산 배분 추천을 제공하나, 최종 자원 배분 결정은 조직 우선순위·책임성이 수반되는 고책임 의사결정으로 인간 주도."
HR 담당자,인력 관리 분석,"Analyze ",,Medium,"  • AI Capability: AI가 직원 행동·팀 관행·소셜 미디어 데이터를 분석해 정신건강·웰빙·프레젠티즘 감지, 팀 사회적 응집력 분석을 수행

  • 인간 Capability: 분석 결과의 해석·개입 결정은 HR 전문가 판단이 필요. HR analytics는 논문에서 'must have' 역량이나 전략적 통찰은 인간 HR이 제공해야 함을 강조."
HR 담당자,직원 이직 예측,Analyze,"  • 예측하다",Medium,"  • AI Capability: 설명 가능한 머신러닝 모델(explainable ML)로 이직 확률 예측·이직 기여 요인 식별이 가능.

  • 인간 Capability: 이직 예방 개입 전략 결정과 직원 신뢰 관리는 인간 HR의 역할.

  • 논문은 인간이 AI 출력을 맥락화하는 '게이트키퍼' 역할을 강조."
HR 담당자,직원 스킬 개발 및 교육,Interact,• 교육하다,Low,"  • AI Capability: AI가 자동 스킬 맵 생성·학습 콘텐츠 추천·교육 이력 분석을 수행.

  • 인간 Capability: 교육 전략 수립·직원 동기부여·스킬 갭 해석은 HR 전문가 판단 필요.

  • 논문은 AI가 교육 행정을 최적화하되 전략적 L&D 방향은 인간이 주도해야 함을 강조."
HR 담당자,보상 결정하기,Decide,"  • 결정하다",Low,"AI가 시장 데이터·성과 데이터를 분석해 보상 추천을 제공하나, 최종 보상 결정은 조직 전략·형평성·직원 관계를 고려한 고책임성 의사결정으로 인간 주도."
HR 담당자,성과 평가,Analyze,• 평가하다,Medium,"  • AI Capability: AI가 목표 대비 성과 비교·예측·추천을 수행.

  • 인간 Capability: 최종 평가 결정·공정성 판단·직원과의 피드백 대화는 인간 관리자 영역.

  • 논문은 AI 편향·불투명성 문제로 HR 관리자의 감독 책임을 강조."
HR 담당자,경력 개발 지원,Interact,"  • 지원하다",Low,"  • AI Capability: AI가 직원 커리어 열망을 Q&A로 파악하고 스킬 맵·학습 경로를 추천.

  • 인간 Capability: 개인 맥락·조직 문화 이해 기반의 멘토링·커리어 상담은 인간 HR이 수행.

  • 논문은 AI가 추천을 제공하되 직원의 심리적 계약·경력 만족에는 인간 개입이 필요함을 명시."
HR 담당자,직원 몰입 관리,Operate,"  • 관리하다",High,"AI가 캘린더 자동 관리, 미팅 스케줄링, 질의 응답, 맞춤형 알림 제공, 유사 프로필 직원 연결 등 루틴 업무를 자동 수행.

일상적·반복적 정보 운영 업무."
HR 담당자,신규 직원 온보딩,Operate,,High,"디지털 가상 어시스턴트가 신규 입사자 질문 답변, 역할·업무 안내, 필수 교육 안내, 스킬 정보 수집·학습 콘텐츠 추천을 자동 수행함.

반복적·절차적 정보 제공 업무로 AI 주도 자동화 적합."
HR 담당자,채용 후보자 모집 및 스크리닝,Operate / Decide,"  • 모집하다 
  • 스크리닝하다",Medium,"  • AI Capability: 머신러닝 기반 AI가 이력서 사전 스크리닝, 면접 질문 추천, 후보자 프로필 비교·요약을 수행.

  •  인간 Capability: 최종 채용 결정·편향 검토는 인간 HR 담당자가 수행해야 함.

  • 논문은 Amazon 채용 AI의 여성 편향 사례를 언급하며 인간 감독의 필요성을 강조."
지식 근로자 전반,기초 데이터 처리,Collect / Operate,"  • 처리하다",High,"AI 역할에서 기초 데이터 스킬 수요 –86% 감소(AI Applications & Tools 직군 기준).

AI가 해당 기능을 대체하는 대표 사례로 제시됨."
데이터 사이언티스트,불확실 환경 대응,Govern,"  • 대응하다",Low,"회복력·민첩성 수요 36% 더 높음, 임금 프리미엄 4%.

빠르게 진화하는 데이터 환경에서 인간-AI 협업 역할."
데이터 사이언티스트,AI 윤리 및 편향 관리,Govern,"  • 관리하다",Low,"윤리 스킬 임금 프리미엄 8%.

알고리즘 책임 및 의도치 않은 결과 완화는 인간의 판단이 필수."
데이터 사이언티스트,이해관계자 협업,Interact,"  • 협업하다",Low,타인과의 협업 스킬 효과가 일반 AI 직군보다 크게 나타남. 광범위한 이해관계자 상호작용이 데이터사이언티스트의 특성으로 명시.
데이터 사이언티스트,기술 솔루션 구현,Build,"  • 구현하다",Medium,기술적 역량 수요 41% 더 높음. AI 도구 활용과 인간의 구현 판단이 병행되는 기능.
데이터 사이언티스트,데이터 패턴 분석,Collect / Analyze,,Medium,데이터사이언티스트에서 분석적 사고 수요 89% 더 높음. AI 보완 스킬 중 가장 강한 수요.
지식 근로자 전반,윤리적 판단 및 책임,Decide,"  • 판단하다",Low,"AI 역할에서 윤리 스킬 임금 프리미엄 8%(데이터사이언티스트).

알고리즘 책임, 편향 완화 등 인간 판단 필수 영역으로 규정."
지식 근로자 전반,디지털 환경 이해 및 활용,Operate,"  • 이해하다 
  • 활용하다",Medium,AI 역할에서 디지털 리터러시 수요 31%(비AI 35% 대비 상대적으로 낮음). AI 직군에서 암묵적 전제로 작용하여 명시적 수요가 낮게 나타남.
지식 근로자 전반,자기주도 업무 수행,Operate,"  • 수행하다",Medium,"AI 역할에서 자기효능감 스킬 수요 10%(비AI 9% 대비).

AI 협업 환경에서 보완적 역할 확인."
지식 근로자 전반,타인과의 협업 및 팀워크,Interact,"  • 협업하다",Low,"AI 역할에서 협업 스킬 수요 61%(비AI 55% 대비).

크로스펑셔널 팀 운영, 기술 솔루션의 비즈니스 전환 역할로 보완 관계 확인."
지식 근로자 전반,변화 대응 및 학습,Govern,"  • 대응하다",Medium,"AI 역할에서 회복력·민첩성 수요 11%(비AI 6% 대비).

데이터사이언티스트 기준 임금 4% 프리미엄."
지식 근로자 전반,기술적 문제 해결,Decide,"  • 해결하다",Medium,"AI 역할에서 기술적 역량 수요 2배 이상 증가.

머신러닝 직군에서 특히 강한 보완 관계 확인."
지식 근로자 전반,데이터 분석 및 패턴 해석,Collect / Analyze,,Medium,"AI 역할에서 분석적 사고 수요 35% (비AI 19% 대비).

AI와 인간이 협업하는 대표 보완 스킬."
지식 근로자 전반,사무·재무 행정 처리,Operate,"  • 처리하다",High,"해당 스킬 클러스터가 AI 역할에서 수요 감소.

절차 기반 처리 업무로 대체 위험 높음."
지식 근로자 전반,고객 응대 처리,Operate,"  • 처리하다",High,"AI 역할에서 고객서비스 스킬 수요 감소 확인.

루틴 기반 응대는 AI 대체 가능으로 분류."
지식 근로자 전반,언어·텍스트 검토,Validate,"  • 검토하다",High,"번역·교열 등 언어 처리 스킬 수요 감소.

AI 대체 가능 기능의 대표 예시로 분류."
지식 근로자 전반,요약 및 보고서 작성,Build,"  • 작성하다",High,"NLP 직군에서 요약·보고 스킬 수요 –78% 감소.

생성형 AI(ChatGPT 등)가 대체하는 기능으로 명시."
마케팅 매니저,시장 조사 및 데이터 추출,Collect,"  • 추출하다
  • 조사하다",High,"AI 역량은 높고 인간 부가가치는 낮음. 일상적인 정보 처리에 해당하여 자동화 권장.

• AI capability: 방대한 소스에서 데이터를 추출하고 초기 패턴을 파악하는 능력이 매우 높음 ."
마케팅 매니저,업체 관리,Govern,"  • 관리하다",Low,"• AI capability: 행정적인 절차 처리 역량은 있으나 복잡한 협상이나 결정 역량은 낮음 .

• 인간 capability: 책임: 외부 파트너와의 관계를 관리하고 계약 및 성과에 대한 최종적인 책임을 지고 결정함."
마케팅 매니저,브랜드 거버넌스,Govern,"  • 검토하다",Low,"• AI capability: 규정 준수 여부를 검토하고 일관성을 모니터링하는 중간 이상의 역량을 보유함 .

• 인간 capability: 책임: 브랜드 철학에 어긋나지 않는지 윤리적, 문화적 관점에서 최종 검증을 수행함."
마케팅 매니저,이해관계자 소통,Interact,"  • 소통하다",Low,• 인간 capability: 책임: 조직 내 정치를 파악하고 신뢰 관계를 구축하여 협력을 이끌어내는 핵심적인 인간 업무임
마케팅 매니저,"캠페인 자원 할당하기

",Decide,"  • 할당하다",Low,"• AI capability: 과거 데이터를 바탕으로 시나리오를 분석하여 지원할 수 있으나 역량이 중간 수준임 .

• 인간 capability / 책임: 캠페인의 전략적 방향을 설정하고 자원을 할당하는 최종 결정권은 인간에게 있음."
마케팅 매니저,콘텐츠 제작 (카피라이팅 등),Build / Decide,"  • 제작하다
  • 승인하다 ",Medium,"• AI capability: 텍스트, 이미지 등 다양한 형식의 콘텐츠를 생성하는 능력이 뛰어남 .

• 인간 capability: 책임: 브랜드 보이스를 유지하고 창의적 품질을 최종 승인하는 인간의 높은 부가가치가 필수적임."
현장 직원 (FLE),단순 반복적 업무 자동화,Operate,"  • 자동화하다",High,"• AI capability: 자동화 및 로봇 공학을 통해 사전 정의된 기능을 효과적으로 실행함 .

• 인간 capability: 반복적 작업은 AI에 맡기고 인간은 감성 지능이 필요한 과업에 집중하여 효율을 높임."
현장 관리자,윤리 기준 설정,Decide,"  • 설정하다",Low,"• 인간 capability / 책임: 조직의 신뢰 문화를 구축하고, AI가 인간의 가치와 정렬되도록 리더십을 발휘하여 거버넌스를 체계화함."
현장 직원 (FLE),고객 상호작용,Interact,"  • 상호작용하다",Low,"• AI capability: 정보 전달의 보조 도구로 활용될 수 있으나 진정한 공감이나 관계 구축 역량은 낮음 .

• 인간 capability: 책임: 고객과의 신뢰를 형성하고 감성 지능을 발휘하여 서비스 우수성을 유지하는 결정적 역할을 수행함."
현장 직원 (FLE),AI 툴 숙련(학습),Collect,"  • 학습하다
  • 숙련하다",High,"• AI capability: 시뮬레이션 및 가상 환경을 통해 직원의 회복탄력성을 지원함.

• 인간 capability(책임): 새로운 기술을 배우고 기존 업무 방식을 개선(Job Crafting)하며 서비스 품질을 최종적으로 검토하는 역할은 인간의 몫임."
현장 직원 (FLE),데이터 분석 및 예측 모델링,"Analyze ","  • 모델링하다",Medium,"• AI capability: 자연어 처리 및 예측 모델링을 통한 분석적 역량이 매우 우수함 .

• 인간 capability: 책임: 기술적 이해와 심리적 신뢰(Psychological Security)가 결합되어야 하며, 데이터 기반의 사실적 해결책을 실험하는 주체는 인간임."
다산업 종사자,"복잡한 문제 해결 ",Decide,"  • 해결하다",Medium,"논문 p.3(H1 논거): AI 협업으로 자원이 확보된 직원이 ""proactively propose new ideas, coordinate team efforts, or assume additional responsibilities.""

  • AI Capability: 인간이 주도하는 창의적 산출물이지만 AI 도움으로 자원이 확보됨."
EU ICT Developer,코드 자동 생성,Build,"  • 생성하다",High,"AI capability: ""We can compile research in ten minutes instead of two weeks"" — AI가 대량 정보를 빠르게 수집·요약 가능. (p.49) 
인간 capability: 특정 맥락의 해석이나 판단이 필요 없는 단순 수집 작업으로, 인간 부가가치 낮음.

"
EU ICT Digital Consultant,고객 커뮤니케이션 및 관계 관리,Interact,"  • 고객관리하다
  • 응대하다",Low,"AI capability: AI가 커뮤니케이션 초안 생성 보조 가능하나, 관계 형성 불가. 
인간 capability: ""I could absolutely focus even more on customer relations"" — 신뢰 기반 고객 관계 관리는 인간 고유 영역. Accountability 높음. (p.54)"
EU ICT Digital Consultant,고객 요구사항 분석,Analyze,,Medium,"  • AI capability: AI가 고객 데이터·패턴 분석 보조 가능. 
  • 인간 capability: ""Analytical and critical thinking involves judging, filtering, and validating the information"" — 고객 맥락 이해 및 최종 해석은 인간의 전문적 판단 필수. (p.57)
"
EU ICT Digital Educator,학습 콘텐츠 초안 생성 보조,Build,"  • 생성하다",High,"AI capability: ""generating… document suggestions and everything else"" — AI가 학습 콘텐츠 초안을 빠르게 생성. (p.49)"
EU ICT Digital Educator,AI 리터러시 교육 목표 판단,Decide,"  • 판단하다",Low,"AI capability: AI가 교육 자료 초안 생성 가능하나, 커리큘럼 설계 불가. 
인간 capability: ""the ability to upskill and enhance one's professional competencies should be viewed as an essential learning objective in computing education"" — 교육 목표 설정·설계는 인간의 전문적 판단 필수. (p.62)"
EU ICT Developer,소프트웨어 아키텍처 결정,Decide,"  • 결정하다",Low,"AI capability: AI가 설계 패턴 제안은 가능하나, 전체 아키텍처 결정 불가. 
인간 capability: ""if a machine can write code for me, then I will use my brain to make the architecture of that code more secure and efficient"" — 고수준 설계는 인간의 전문적 판단과 책임 필수. (p.56)"
EU ICT Developer,코드 품질 평가,Analyze,• 평가하다,Medium,"AI capability: Table 2에 Code Quality Assessment가 AI 기반 도구로 분류 — AI가 품질 지표를 자동 측정. (p.37) 
인간 capability: ""the code that it gives you might not all be safe"" — AI 평가 결과의 안전성·신뢰성 검토는 인간 필수. (p.58)"
EU ICT Developer,코드 리뷰 보조,Validate,"  • 검토하다",Medium,"AI capability: ""AI came up with good ideas, some of which I used. So again, that improved my practice."" — AI가 리뷰 초안 및 개선 아이디어를 효과적으로 제시. (p.55) 
인간 capability: ""Although I could have done it myself"" — 최종 판단과 적용 여부는 인간이 결정. 책임성 중간."
EU ICT Developer,문서 자동 생성,Build,"  • 생성하다",High,AI capability: Table 2에 Documentation Generation이 AI 기반 도구로 명시 — 반복적 문서화를 AI가 자동 처리. (p.37)
EU ICT Developer,코드 번역 (언어 간 전환),Manipulate,"  • 변환하다",High,"AI capability: ""Using generative AI and LLMs in designing software that can translate code from one programming language to another has also proven to be a useful tool"" — AI가 언어 간 코드 변환을 효과적으로 수행. (p.37) "
EU ICT Developer,코드 보안 취약점 탐지,Validate,"  • 탐지하다",High,AI capability: Table 2에 Detecting Vulnerabilities 항목이 AI 기반 도구로 명시 — 패턴 기반 탐지는 AI가 효과적으로 수행. (p.37) 인간 capability: 탐지 결과에 대한 대응 및 최종 판단은 인간 필요. 탐지 자체의 인간 부가가치 낮음.
EU ICT Developer,테스트 케이스 생성,Build,"  • 생성하다",High,"AI capability: ""Mitchell used GenAI to generate test cases… evolving an initial set of randomly generated test cases over time to optimize for predefined coverage criteria"" — AI가 테스트 케이스를 자동 생성·최적화. (p.37) 인간 capability: 커버리지 기준 설정은 인간이 하나, 생성 자체의 인간 부가가치 낮음.
"
마케터,보도자료 작성,Build,"  • 작성하다",High,"ChatGPT가 초안을 거의 완전히 대체함. 치료군의 33%는 ChatGPT 출력물을 무편집 제출, 53%는 편집했으나 평균 편집 시간 3.3분에 불과하고 성과 개선 없음. AI가 실질적으로 인간 노력을 대체한 케이스."
매니저 (Manager),이메일 초안 작성,Build,"  • 작성하다",High,"""Rough-drafting emails"" 실제 업무 적용 사례로 명시. 루틴 초안은 AI 주도 가능. p.4"
매니저 (Manager),브레인스토밍,Build,"  • 브레인스토밍하다",Medium,"실제 업무 적용 사례로 ""brainstorming"" 명시. AI가 아이디어 생성 지원하나 전략적 방향 설정은 인간 주도. p.4 ""Two-week and 2-month follow-up surveys"""
매니저 (Manager),민감한 이메일 작성,Build,"  • 작성하다",Medium,"""Delicate emails"" 과제 수행. 관계 맥락·조직 정치적 판단 필요하나 ChatGPT가 초안 작성 지원. 인간의 최종 검토 및 판단 필요. p.1 ""Methods"""
HR 전문가 (HR Professional),고객 서비스 응대 이메일,Disseminate,,High,"팔로업 조사에서 ""responding to customer service requests"" 명시. 루틴 커뮤니케이션으로 AI 대체 가능. p.4 ""Two-week and 2-month follow-up surveys"""
HR 전문가 (HR Professional),추천서 작성,Build,"  • 작성하다",High,"팔로업 조사에서 실제 업무 적용 사례로 ""generating recommendation letters for employees"" 명시. ChatGPT가 직접 생성 가능, 책임성 낮음. p.4 ""Two-week and 2-month follow-up surveys"""
데이터 분석가 (Data Analyst),데이터 기반 사실 확인,Decide,"  • 사실 확인하다",Low,"""The version of ChatGPT used cannot access or supply context-specific knowledge and is not a reliable source of precise factual information"" — 사실 검증은 인간 주도 필수. p.4-5 ""Limitations"""
데이터 분석가 (Data Analyst),보고서 초안 작성,Build,"  • 작성하다",Medium,"보고서 작성에서 ChatGPT 유용성 확인되나, ""context-specific knowledge"" 및 ""precise factual accuracy"" 요구 업무는 ChatGPT 한계 명시. 인간 검증 필수. p.4-5 ""Limitations"""
컨설턴트,분석 계획서 작성,Build,"  • 작성하다",Medium,"  • AI capability: 작업 완료 시간 40% 단축, 품질 18% 향상. 
  •  인간 capability: 맥락 특수적 지식 및 판단 필요 업무는 ChatGPT가 덜 유용함을 명시, 인간 판단 여전히 필요. "
그랜트 라이터 (Grant Writer),단순 편집 및 교정,Manipulate,"  • 편집하다
  • 교정하다",High,대부분의 편집을 AI가 거의 완전 수행함.
그랜트 라이터 (Grant Writer),지원서 작성,Build,"  • 작성하다",High,"ChatGPT가 grant applications 작성을 ""minimal human oversight""로 자동화 가능하다고 명시. "
마케터,광고·커뮤니케이션 콘텐츠 기획,Build,• 기획하다,Medium,"  • 인간 capability: 기획 단계의 고수준 방향 설정은 인간이 필요하고, 인간의 판단이 여전히 개입됨. "
Software Developer,HTTP 서버 코드 구현,Build,"  • 구현하다",Medium,"  •  AI capability High + 책임성: 코드 생성은 AI가 지원 가능하지만, 전체 구현 책임과 결과 완성은 인간에게 있음"
Software Developer,외부 자료 검색,Collect,"  • 검색하다",High,정보 수집은 이미 자동화 및 AI 활용 가능 영역이기 때문에 AI 주도 가능
Software Developer,코드 반복 수정 및 재실행,Validate,"  • 수정하다
  • 반복하다",High,"반복적 수정/실행은 자동화 가능 + AI 도움 가능함,  인간의 부가가치 낮음"
Software Developer,코드 자동 생성 기반 작업 수행,Build,"  • 생성하다",High,코드 생성 자체는 AI capability 매우 높고 반복 작업이기 때문에 인간 부가가치 낮음
Software Developer,AI 코드/함수 제안 활용,Operate,"  • 제안하다
  • 활용하다",High,"사전 학습된 모델이 자동으로 코드 생성, 함수 전체를 실시간으로 제안하고  인간은 선택만 수행하기 때문에  AI 주도성 높음"
Software Developer,코드 실행 결과 검증 (테스트 통과 여부),Validate,,Medium," • AI capability High + 책임성: 테스트는 자동화되지만 “correctness에 대한 판단 기준”은 인간이 설정하기 때문에 인간의 책임성 존재"
Software Developer,요청/응답 처리 코드 작성,Build," • 작성하다",Medium,"  • AI capability High + 책임성: 로직 구현은 AI가 생성 가능하지만, 올바른 기능 수행 여부는 인간이 책임짐"
기자,속보·단순 기사 작성,Build,"  • 작성하다",High,인공지능이 속보성·정형화된 기사 작성을 “몇 초 안에 수행하며 라이터 개입 없이 처리”함. 이는 규칙 기반 텍스트 생성으로 인간의 판단이나 해석 없이도 완결된 결과물을 생산할 수 있어 AI capability가 매우 높고 인간 부가가치는 낮은 영역임.
기자,독자 대상 정보 전달 및 해설,Disseminate,"  • 전달하다
  • 해설하다",Low,"기자는 단순 정보 전달을 넘어 해설자·콘텐츠 전달자로서 역할을 수행하며, 이는 독자와의 관계 및 맥락 이해를 요구하는 영역으로 인간 중심 수행이 필요함"
기자,전문 콘텐츠 기획,Build,"  • 기획하다",Low,"기자의 전문성은 “차별화된 콘텐츠와 전문 분야 기반 기사”에서 발현되며, 이는 개인의 경험·지식·맥락 기반 창의적 작업으로 AI 대체가 어려움"
기자,탐사보도,Disseminate,"  • 보도하다",Low,"심층 기사 작성은 가설 설정, 의미 해석, 논리 구성이 핵심으로 AI가 수행하기 어려운 영역으로 제시됨. 높은 책임성과 맥락 이해가 요구되며 인간의 전문성이 핵심인 영역임."
기자,데이터 기반 기사 작성 및 시각화 (데이터 저널리즘),Build,"  • 작성하다 
  • 시각화하다",Medium,"  • AI Capability + 인간 Capability: 데이터 분석 및 시각화 업무는 새롭게 생성된 영역으로, AI가 데이터 처리 및 분석을 지원하지만 의미 해석과 전달은 인간이 수행함. 따라서 AI capability는 높지만 인간의 해석 가치도 동시에 높은 협업 영역"
기자,AI 생성 결과 검수(문장 검토 포함),"Validate ","  • 검수하다 
",Medium,AI가 생성한 기사에 대해 엉뚱한 기사 여부 확인 및 문장 자연스러움 검토가 필요함. AI가 1차 생성은 수행하지만 correctness 판단 기준 설정과 최종 책임은 인간에게 있어 협업 구조가 형성됨.
기자,단순 반복·저난이도 업무 처리 (증시 시황 등 포함),Operate,,High,"기자가 수행하던 다양한 업무 중 “난이도 1 수준의 반복 업무를 AI가 담당”하게 되면서 인간의 개입 필요성이 감소함.

이는 반복성·규칙성이 높은 작업으로 AI 주도 자동화에 적합한 영역임."
기자,(기사 작성 전 단계) 데이터 수집 및 정보 탐색,Collect,"  • 탐색하다",High,"기사 작성을 위한 데이터 수집 및 정보 탐색 과정이 전 과정 자동화되어 인간 개입이 불필요한 수준으로 나타남.

반복적·정형적 정보 처리 업무로 AI가 완전히 대체 가능한 영역임."
기자,기사 유통 프로세스 — 편집,Manipulate,"  • 편집하다",High,"기사 편집, 배치, 배포 기능이 “알고리즘에 의해 수행”되며 기존 인간 의사결정이 개입되던 영역이 자동화됨. 이는 사전 정의된 규칙에 따라 실행되는 프로세스 업무로 AI 주도 수행이 가능함"
과학자·연구자 (Scientists & Researchers),텍스트 생성 및 코드 작성,Build,"  • 생성하다
  • 작성하다",High,"""Exposure is prevalent in occupations that involve generating written text or code"" — 연구자 직군이 LLM 노출도 1위 직군으로 명시. E1+E2 기준 가장 높은 노출 클러스터. p.2 ""Estimating Exposure"" / fig. S16 언급"
협상·회의 담당 직무,대면 회의 및 협상,Interact,"  • 회의하다
  • 협상하다",Low,"""Tasks where using an LLM would necessitate substantial individual or group behavior or norm changes (such as expecting to meet with humans to conduct a meeting or negotiation)"" — 명시적으로 AI 노출 낮은 업무 범주. p.3"
상담·카운슬링 직무,상담 및 조언 제공,Interact,"  • 상담하다
  • 조언하다",Low,"""Counseling"" 명시적으로 인간 판단·공감 필수 업무 범주에 포함. 평가자 간 노출도 불일치 큰 대표 사례. p.3"
예약 관련 직무 (서비스업),예약 처리,Operate,"  • 처리하다",Medium,"""Tasks already potentially exposed by technology where it is difficult to judge the added impact of using an LLM (such as making reservations)"" — AI 추가 효과 판단이 어렵다고 명시. 기존 도구와 AI 역할 중첩. p.3"
일반 사무직 (금융거래),금융 거래 실행,Collect / Operate,"  • 실행하다",High,"DWA 예시로 직접 언급: ""Execute sales or other financial transactions"" — 광범위한 직종에 걸친 루틴 업무. E1 노출 가능. p.1 ""Rating Tasks and Occupations"""
일반 사무직 (Email/Transaction 처리),거래 확인 이메일 발송,Operate / Disseminate,"  • 발송하다",High,"논문에서 직접 예시로 제시: ""Deliver email confirmation of completed transactions and shipment"" — E1 수준(LLM 단독)으로 노출 가능한 구체적 업무 사례. p.1 ""Rating Tasks and Occupations"""
데이터베이스 관리자 (Database Administrators),데이터 수집,Collect,,High,Job Zone 4~5 고노출 직군 명시. 데이터 처리·변환 업무는 E1(LLM 단독) 또는 E2(소프트웨어 연동)로 50% 이상 시간 단축 가능. p.2
약사 (Pharmacists),환자 상담 및 복약 지도,Decide,"  • 판단하다",Low,"인간 공감·판단이 필수적인 대면 커뮤니케이션 업무 — ""tasks where human oversight, judgment, or empathy are expected or required."" p.3"
약사 (Pharmacists),정보 수집,Collect,,High,"""Lawyers, pharmacists, database administrators"" — Job Zone 5(최고 준비 수준 요구 직업)에서 높은 LLM 노출도. 루틴 정보처리 업무 해당. p.2"
법률 전문가 (Lawyers),의사결정 및 판단,"Decide
","  • 판단하다
  • 의사결정하다",Low,"""Tasks where human oversight, judgment, or empathy are expected or required (such as certain kinds of decision-making or counseling)"" — 이런 업무는 노출도 평가자 간 불일치가 크고 AI 단독 수행 불가로 분류. p.3 ""Implications and Limitations"""
법률 전문가 (Lawyers),법률 문서 작성,Build,"  • 작성하다",High,"""Job Zones 4 and 5 are the most exposed, indicating occupations needing extensive preparation (e.g., lawyers, pharmacists, database administrators) are more exposed."" — 고학력 전문직이 역설적으로 LLM 노출도 높음. p.2 ""Rating Tasks and Occupations"""
기술자·소프트웨어 엔지니어 (Technologists),코드 작성 및 개발,Build,"  • 작성하다
  • 개발하다",High,"""Technologists such as software engineers and data scientists"" — 노출도 2위 직군. 텍스트·코드 생성 업무 집중. p.2 ""The two job groups most exposed to LLMs"""
과학자·연구자 (Scientists & Researchers),루틴 정보 처리 업무,Operate,"  • 처리하다",High,"""Exposure is prevalent in occupations…with routine information processing tasks"" — 반복적 정보처리는 AI가 50% 이상 시간 단축 가능(E1 기준). p.2 ""Estimating Exposure"""
,,,,,
기자,차별화된 기사 전달,Disseminate,"  • 전달하다",Low,"기자의 전문성은 “차별화된 콘텐츠와 전문 분야 기반 기사”에서 발현되며, 이는 개인의 경험·지식·맥락 기반 창의적 작업으로 AI 대체가 어려움"
기자,기사 유통 프로세스 — 배치,Operate,"  • 배치하다",High,"기사 편집, 배치, 배포 기능이 “알고리즘에 의해 수행”되며 기존 인간 의사결정이 개입되던 영역이 자동화됨. 이는 사전 정의된 규칙에 따라 실행되는 프로세스 업무로 AI 주도 수행이 가능함"
기자,기사 유통 프로세스 — 배포,Disseminate,"  • 배포하다",High,"기사 편집, 배치, 배포 기능이 “알고리즘에 의해 수행”되며 기존 인간 의사결정이 개입되던 영역이 자동화됨. 이는 사전 정의된 규칙에 따라 실행되는 프로세스 업무로 AI 주도 수행이 가능함"
현장 직원 (FLE),고객 관계 관리,Govern,"  • 관리하다",Low,"• AI capability: 정보 전달의 보조 도구로 활용될 수 있으나 진정한 공감이나 관계 구축 역량은 낮음 .

• 인간 capability: 책임: 고객과의 신뢰를 형성하고 감성 지능을 발휘하여 서비스 우수성을 유지하는 결정적 역할을 수행함."
마케팅 매니저,캠페인 방향 설정하기,Govern,"  • 설정하다",Low,"• AI capability: 과거 데이터를 바탕으로 시나리오를 분석하여 지원할 수 있으나 역량이 중간 수준임 .

• 인간 capability / 책임: 캠페인의 전략적 방향을 설정하고 자원을 할당하는 최종 결정권은 인간에게 있음."
마케팅,고객 신뢰 기반 커뮤니케이션,Interact,"  • 대화하다",Low,"고객이 AI 봇과 대화 중임을 인식하면 구매율이 75% 감소한다는 연구 결과(Luo et al., 2019)에서 보듯, 고객은 AI의 공감 능력을 신뢰하지 않음.

  • 감성 지능과 관계 기반 소통이 핵심인 고객 관계 관리는 인간이 담당해야 하며, 책임성이 높음."
중간 관리자,"팀원 변화 관리 ",Govern,"  • 관리하다",Low,AI 도입에 따른 직업적 불안감을 해소하고 팀원에게 비전을 전파하는 것은 감성 지능과 공감이 필수적임.
현장 경찰관,실시간 위험 대응,Govern,"  • 대응하다",Low,"논문 p.139–140: 스마트폰 정보 조회가 경찰관의 자세를 ""hunched-over""로 변화시켜 신체적 안전 위협.
AI가 정보를 제공해도 현장 판단·신체 대응은 100% 인간 주도.

""improved the information position… ended up deteriorating their physical safety.""

Decide 기능은 HAIC Low임을 신체적 안전 위협이라는 극적 방식으로 입증."
최고경영자 (Top Manager),AI 유스케이스 우선순위 결정,Decide,"  • 결정하다",Low,"TM은 고객 니즈 중심으로 AI 유스케이스를 발굴·우선순위화하고, 재무·비재무(윤리·법적·신뢰·전략적 적합성) 결과를 종합적으로 평가하여 AI 이니셔티브를 승인·거절해야 함.

  • 복잡한 판단과 높은 책임성이 요구되어 인간 주도."
공급망 관리자,공급망 파트너 관계 관리,Interact / Govern,"  • 관계 관리하다",Low,"공급업체·파트너와의 장기적 신뢰 관계 구축은 인간 고유 영역.

SCWB의 핵심 요소로 논문 p.38: ""long-term supplier relationships"" 관리는 인간 판단과 관계 기반 활동.

책임성 높은 관계 지향적 기능."
중간관리자(Middle Manager),팀원 목표 설정 및 이행 현황 지원,Govern,"  • 지원하다",Low,"참여자 전원이 공통적으로 수행한다고 언급한 팀 관리 업무로, 목표 설정·완료 추적·팀원 지원·리더십이 포함됨. 관계적 판단과 조직 맥락 이해가 필요한 고책임성 업무로, 인간의 직접 주도가 필수인 영역으로 제시됨."
리더·관리자(Leader / Manager),창의 목표 신호 발신,Disseminate / Interact,"  • 발신하다",Low,"논문은 리더가 직원에게 창의성을 핵심 직무 요건으로 인식시키는 명시적 기대 설정이 창의적 몰입의 핵심 조절 변수임을 실증함. 특히 위계적 문화(중국 고권력거리)에서 직원의 창의 행동은 리더의 명확한 신호 없이는 발현되기 어려우며, 이는 인간 판단과 관계적 권위가 필수적인 Low 영역임. AI가 이 역할을 대체할 수 없음."
관리자 / 리더,AI 활용 의사결정에 대한 윤리적 감독,Govern,"  • 감독하다",Low,"AI는 윤리 판단 수행 불가, 인간이 윤리·책임 기반 의사결정 수행"
데이터베이스 관리자 (Database Administrators),데이터 조작,Manipulate,,High,Job Zone 4~5 고노출 직군 명시. 데이터 처리·변환 업무는 E1(LLM 단독) 또는 E2(소프트웨어 연동)로 50% 이상 시간 단축 가능. p.2
약사 (Pharmacists),정보 처리,Analyze,"  • 처리하다",High,"""Lawyers, pharmacists, database administrators"" — Job Zone 5(최고 준비 수준 요구 직업)에서 높은 LLM 노출도. 루틴 정보처리 업무 해당. p.2"
Software Developer,외부 자료 활용,Analyze,,High,정보 수집은 이미 자동화 및 AI 활용 가능 영역이기 때문에 AI 주도 가능
Software Developer,AI 코드/함수 제안,Build,,High,"사전 학습된 모델이 자동으로 코드 생성, 함수 전체를 실시간으로 제안하고  인간은 선택만 수행하기 때문에  AI 주도성 높음"
경영 컨설턴트,시장 세그먼트 구조화 작업 (프론티어 내부),Intergrate,"  • 구조화하다",High,"AI 지원 조건의 컨설턴트가 시장 세분화 분석 과제(analytical thinking)에서 유의미한 품질 향상을 보임.

  • 구조화된 데이터를 분류·정리하는 조작 기능은 AI 역량이 높고 루틴 성격이 강해 책임성이 낮음.

  • 프론티어 내부 태스크로 실증됨."
"최고경영자
  (Top Manager)",AI 기술 트렌드 모니터링,Operate,,High,"TM은 AI 트렌드가 발전하는 방향을 파악하기 위해 실리콘밸리 기업 등 베스트 인 클래스의 AI 활동을 지속적으로 모니터링함. 정보 수집 자체는 AI 도구 활용 가능성이 높고 인간 부가가치가 낮음.

  • 책임성이 낮음."
제조 (운영직),AI 이미지·음성·텍스트 처리,Operate,"  • 처리하다",High,AI 기반 이미지·음성·텍스트 인식 시스템 활용이 논문의 구체적 AI 협업 사례로 언급됨. 패턴 인식·분류는 AI가 독립적으로 고성능 수행 가능하며 인간 판단 개입 최소화.p.6
일반 직원,업무 수행 중 AI 활용한 지원 활용,Operate,,High,반복적 정보 처리 업무의 경우 AI는 정보 검색·처리·필터링 자동 수행함.
경찰 정보 분석관,"AI 예측 결과 적용 (현장 경찰관을 위한 내용 전환) ",Decide,"  • 적용하다",Medium,"논문 p.138: 인텔리전스 오피서의 핵심 역할은 ""translation of AI outputs into practice.""

  • 인간 Capability: AI 역량 高이나 맥락적 해석·현장 적용은 인간 필수.

이 기능이 인간에게 ""cognitive overload"" 유발 — AI 협업이 오히려 부담을 증가시키는 사례."
HR 채용 담당자,전략적 HR 의사결정 지원,Disseminate,,Medium,"""AI offers considerable possibilities for strategic HR decision making and aligning HR plans with corporate objectives"" (p.76).

  • 인간 Capability: 다중 데이터 소스 통합을 AI가 지원하나, HR 전략과의 연계 판단은 인간 필요.

  • Recruitment agility enabler와 연결: AI가 ""improve data analysis for decision making"" (p.78)."
운영/실무자,"AI 추천 결과 선택 ",Decide,"  • 선택하다",Medium,"  • AI Capability: AI는 자동화된 의사결정 및 계산 결과를 생성하지만, 그 과정은 사용자에게 불투명하게 작동하는 경우가 많음(black box 문제)
  • 인간 Capability: 인간은 AI 결과의 신뢰성을 검증하고, 오류 가능성을 점검하며, 필요 시 재계산 또는 수정하는 역할을 수행함. 실제로 사용자들은 AI 결과를 다시 검증하는 행동을 보임."
운영/실무자,데이터 기반 분석,Analyze,,Medium,"  • AI Capability: 계산·분석 지원
  • 인간 Capability: 최종 판단 수행"
하이테크 서비스 직군(High-Tech Service Worker),AI 활용을 통한 의사결정 지원,Govern,"  • 지원하다",Medium,"  • AI Capability: AI가 정보·인지 자원을 확장하고 불확실성을 줄이며 지각된 통제감을 높이는 '지식·의사결정 지원(Knowledge/decision support)' 기능을 수행함.
  • 인간 Capability: AI가 제공한 정보를 맥락에 맞게 해석하고 최종 의사결정을 내리는 것은 인간의 역할. 지식 근로자가 AI 어시스턴트를 활용해 창의 목표를 설정·모니터링·검토하는 자기조절 과정으로 묘사됨."
하이테크 서비스 직군(High-Tech Service Worker),AI 협업 환경에서의 워크플로 최적화,Govern,"  • 최적화하다",Low,"  • AI Capability: AI가 정밀한 과업 수행과 일관된 결과 제공을 통해 직원의 기술 개발 기회와 구조적 직무 자원을 확충해 주는 '기술 개발 및 프로세스 최적화(Skill development and process optimization)' 기능을 담당함.
  • 인간 Capability: 어떤 기술을 어떻게 개발할지 방향을 설정하고 AI가 제공하는 성장 신호를 내면화하여 역량을 강화하는 것은 인간의 능동적 역할임. 논문은 직원이 AI와의 상호작용을 통해 성장 지향 과업을 추구하는 촉진초점 잡 크래프팅을 수행한다고 설명함."
생산관리,"오류 대응 관리 ",Govern,"  • 대응하다",Medium,"  • AI Capability: 데이터 기반 이상 탐지 및 오류 예측 수행 가능 
  • 인간 Capability: 오류 원인 분석, 대응 전략 수립, AI 결과 검증 및 수정 수행 오류 발생 가능성이 높을수록 인간 개입이 필요하며 AI는 탐지 역할 중심으로 작동한다고 제시됨"
관리자·리더(Manager / Leader),직원 외로움·감정 소진 상태 개입,Interact,"  • 개입하다",Low,논문은 AI 협업이 확대될수록 리더가 직원의 감정 상태 변화를 적시에 파악하고 개입하는 역할이 더욱 중요해진다고 강조함. 직원의 외로움·소진 여부를 판단하고 맞춤 대응을 결정하는 것은 높은 맥락적 판단력과 책임성이 요구되는 인간 주도 업무임.
관리자·리더(Manager / Leader),사회적 연결 지원,Interact,"  • 지원하다",Low,"AI 협업 확대로 인한 직원 간 상호작용 감소를 보완하기 위해, 리더가 팀 빌딩 활동이나 사회적 공간을 조성해 구성원의 감정 자원을 보충해야 함을 논문이 명시함. 이는 인간 관계·소속감 형성이 필요한 업무로 AI가 수행할 수 없는 영역. 조직 문화 형성 책임성이 높음."
HR 채용 담당자,대인 역량 평가,Analyze / Decide," • 평가하다(분석동사)",Low,"Study 1 Figure 1: ""personalized interaction, interviews, and final decision""은 Human-driven hiring 항목으로 분류 (p.77).

P10 응답: ""It would feel very cold to talk with an AI tool during a recruitment process, without any empathy"" (p.79).

관계 기반·감성 기반 활동으로 책임성 高, 인간 주도 필수."
물류·배송 관리자(Fleet Manager),예상치 못한 운행 차질(사고·교통 혼잡 등) 대응,Govern,"  • 판단하다
  • 대응하다",Low,"AI가 데이터와 경로를 제공하더라도, 돌발 사태에 대한 실질적 대응 판단은 플릿 매니저의 현장 경험과 맥락적 판단이 필수. 책임성이 높고 표준화가 불가능한 영역."
Manufacturing Manager (제조 관리자),예상치 못한 생산 차질 상 대응,Govern,"  • 판단하다
  • 대응하다",Low,"AI가 데이터를 제공하더라도, 예상치 못한 돌발 상황에 대한 전문적 판단과 대응은 인간 관리자의 경험과 맥락 이해가 필수. 책임성이 높은 영역. "
최고경영자 (Top Manager),AI 유스케이스 우선순위 승인,Decide / Govern,"  • 승인하다",Low,"TM은 고객 니즈 중심으로 AI 유스케이스를 발굴·우선순위화하고, 재무·비재무(윤리·법적·신뢰·전략적 적합성) 결과를 종합적으로 평가하여 AI 이니셔티브를 승인·거절해야 함.

  • 복잡한 판단과 높은 책임성이 요구되어 인간 주도."
경영 컨설턴트,고객사 CEO 대상 책임 있는 조언 제공,Interact,"  • 조언하다",Low,"실험의 프론티어 외부 태스크에서 컨설턴트는 CEO에게 브랜드 성장 전략을 최종 권고해야 했으며, 이는 고도의 맥락 이해와 책임성을 요구함.

AI가 설득력 있는 문구를 생성하더라도 내용이 부정확할 수 있어, 최종 대외 권고는 인간이 책임져야 함.

  • 가장 높은 책임성을 가진 인간 주도 기능."
리더·관리자(Leader / Manager),직원 자율성 부여,Govern,"  • 부여하다
",Low,논문은 AI를 부서 전반에 도입할 때 관리자가 직원의 의견을 수렴하고 인간-AI 간 과업 배분을 명확히 하며 통합적 워크플로를 설계하고 직원에게 AI에 대한 더 큰 자율성을 부여해야 한다고 권고함. 이는 조직 구조와 책임 체계를 결정하는 고책임성 인간 주도 업무임.
기자,"AI 생성 결과 수정 (문장 검토 포함) ",Manipulate,"  • 수정하다",Medium,AI가 생성한 기사에 대해 엉뚱한 기사 여부 확인 및 문장 자연스러움 검토가 필요함. AI가 1차 생성은 수행하지만 correctness 판단 기준 설정과 최종 책임은 인간에게 있어 협업 구조가 형성됨.
기자,심층 기사 작성 (가설 설정·해석 포함),Build,"  • 작성하다",Low,"심층 기사 작성은 가설 설정, 의미 해석, 논리 구성이 핵심으로 AI가 수행하기 어려운 영역으로 제시됨. 높은 책임성과 맥락 이해가 요구되며 인간의 전문성이 핵심인 영역임."
하이테크 서비스 직군(High-Tech Service Worker),AI 활용을 통한 불확실성 관리,Govern,,Medium,"  • AI Capability: AI가 정보·인지 자원을 확장하고 불확실성을 줄이며 지각된 통제감을 높이는 '지식·의사결정 지원(Knowledge/decision support)' 기능을 수행함.
  • 인간 Capability: AI가 제공한 정보를 맥락에 맞게 해석하고 최종 의사결정을 내리는 것은 인간의 역할. 지식 근로자가 AI 어시스턴트를 활용해 창의 목표를 설정·모니터링·검토하는 자기조절 과정으로 묘사됨."
호텔 직원 (Guest Service),"고객 맞춤 서비스를 위한 결론 도출 ",Decide,"  • 도출하다",Medium,"  • AI Capability: AI가 더 많은 데이터를 분석하고 정확한 결론을 도출하는 것을 지원함. 
  • 인간 Capability: 직원은 AI의 분석 결과를 바탕으로 고객 응대 방향을 판단하고 적용하는 역할을 수행함. (p.278)"